from_node,to_node,from_x,from_y,to_x,to_y,is_in_tour
0,1,2812,845,2042,234,0
0,2,2812,845,2800,282,0
0,3,2812,845,40,2973,0
0,4,2812,845,140,78,0
0,5,2812,845,1463,2768,0
0,6,2812,845,523,129,0
0,7,2812,845,1956,654,0
0,8,2812,845,956,2040,0
0,9,2812,845,284,2761,0
0,10,2812,845,1681,1649,0
0,11,2812,845,1817,953,0
0,12,2812,845,1934,1743,0
0,13,2812,845,2041,1113,0
0,14,2812,845,605,1516,0
0,15,2812,845,458,105,0
0,16,2812,845,1795,2078,0
0,17,2812,845,2223,395,0
0,18,2812,845,2197,2506,0
0,19,2812,845,150,1420,0
0,20,2812,845,2298,1173,0
0,21,2812,845,1634,454,0
0,22,2812,845,1229,1071,0
0,23,2812,845,54,2765,0
0,24,2812,845,2233,353,0
0,25,2812,845,157,1452,0
0,26,2812,845,410,2896,0
0,27,2812,845,1514,1286,0
0,28,2812,845,2006,508,0
0,29,2812,845,1020,1072,0
0,30,2812,845,611,2829,0
0,31,2812,845,834,2657,0
0,32,2812,845,754,625,0
0,33,2812,845,697,519,0
0,34,2812,845,2188,777,0
0,35,2812,845,688,252,0
0,36,2812,845,275,1965,0
0,37,2812,845,290,1241,0
0,38,2812,845,14,75,0
0,39,2812,845,1986,1861,0
0,40,2812,845,2717,1593,0
0,41,2812,845,2743,2657,0
0,42,2812,845,1993,2735,0
0,43,2812,845,609,2077,0
0,44,2812,845,553,2914,0
0,45,2812,845,2603,2690,0
0,46,2812,845,1335,2514,0
0,47,2812,845,599,2406,0
0,48,2812,845,954,1257,0
0,49,2812,845,892,1644,0
0,50,2812,845,2857,1750,0
0,51,2812,845,1194,2639,0
0,52,2812,845,2293,2419,0
0,53,2812,845,2711,1474,1
0,54,2812,845,317,2547,0
0,55,2812,845,2637,242,0
0,56,2812,845,2044,2931,0
0,57,2812,845,1080,2422,0
1,0,2042,234,2812,845,0
1,2,2042,234,2800,282,0
1,3,2042,234,40,2973,0
1,4,2042,234,140,78,0
1,5,2042,234,1463,2768,0
1,6,2042,234,523,129,0
1,7,2042,234,1956,654,0
1,8,2042,234,956,2040,0
1,9,2042,234,284,2761,0
1,10,2042,234,1681,1649,0
1,11,2042,234,1817,953,0
1,12,2042,234,1934,1743,0
1,13,2042,234,2041,1113,0
1,14,2042,234,605,1516,0
1,15,2042,234,458,105,0
1,16,2042,234,1795,2078,0
1,17,2042,234,2223,395,1
1,18,2042,234,2197,2506,0
1,19,2042,234,150,1420,0
1,20,2042,234,2298,1173,0
1,21,2042,234,1634,454,0
1,22,2042,234,1229,1071,0
1,23,2042,234,54,2765,0
1,24,2042,234,2233,353,0
1,25,2042,234,157,1452,0
1,26,2042,234,410,2896,0
1,27,2042,234,1514,1286,0
1,28,2042,234,2006,508,0
1,29,2042,234,1020,1072,0
1,30,2042,234,611,2829,0
1,31,2042,234,834,2657,0
1,32,2042,234,754,625,0
1,33,2042,234,697,519,0
1,34,2042,234,2188,777,0
1,35,2042,234,688,252,0
1,36,2042,234,275,1965,0
1,37,2042,234,290,1241,0
1,38,2042,234,14,75,0
1,39,2042,234,1986,1861,0
1,40,2042,234,2717,1593,0
1,41,2042,234,2743,2657,0
1,42,2042,234,1993,2735,0
1,43,2042,234,609,2077,0
1,44,2042,234,553,2914,0
1,45,2042,234,2603,2690,0
1,46,2042,234,1335,2514,0
1,47,2042,234,599,2406,0
1,48,2042,234,954,1257,0
1,49,2042,234,892,1644,0
1,50,2042,234,2857,1750,0
1,51,2042,234,1194,2639,0
1,52,2042,234,2293,2419,0
1,53,2042,234,2711,1474,0
1,54,2042,234,317,2547,0
1,55,2042,234,2637,242,0
1,56,2042,234,2044,2931,0
1,57,2042,234,1080,2422,0
2,0,2800,282,2812,845,0
2,1,2800,282,2042,234,0
2,3,2800,282,40,2973,0
2,4,2800,282,140,78,0
2,5,2800,282,1463,2768,0
2,6,2800,282,523,129,0
2,7,2800,282,1956,654,0
2,8,2800,282,956,2040,0
2,9,2800,282,284,2761,0
2,10,2800,282,1681,1649,0
2,11,2800,282,1817,953,0
2,12,2800,282,1934,1743,0
2,13,2800,282,2041,1113,0
2,14,2800,282,605,1516,0
2,15,2800,282,458,105,0
2,16,2800,282,1795,2078,0
2,17,2800,282,2223,395,0
2,18,2800,282,2197,2506,0
2,19,2800,282,150,1420,0
2,20,2800,282,2298,1173,0
2,21,2800,282,1634,454,0
2,22,2800,282,1229,1071,0
2,23,2800,282,54,2765,0
2,24,2800,282,2233,353,0
2,25,2800,282,157,1452,0
2,26,2800,282,410,2896,0
2,27,2800,282,1514,1286,0
2,28,2800,282,2006,508,0
2,29,2800,282,1020,1072,0
2,30,2800,282,611,2829,0
2,31,2800,282,834,2657,0
2,32,2800,282,754,625,0
2,33,2800,282,697,519,0
2,34,2800,282,2188,777,0
2,35,2800,282,688,252,0
2,36,2800,282,275,1965,0
2,37,2800,282,290,1241,0
2,38,2800,282,14,75,0
2,39,2800,282,1986,1861,0
2,40,2800,282,2717,1593,0
2,41,2800,282,2743,2657,0
2,42,2800,282,1993,2735,0
2,43,2800,282,609,2077,0
2,44,2800,282,553,2914,0
2,45,2800,282,2603,2690,0
2,46,2800,282,1335,2514,0
2,47,2800,282,599,2406,0
2,48,2800,282,954,1257,0
2,49,2800,282,892,1644,0
2,50,2800,282,2857,1750,0
2,51,2800,282,1194,2639,0
2,52,2800,282,2293,2419,0
2,53,2800,282,2711,1474,0
2,54,2800,282,317,2547,0
2,55,2800,282,2637,242,0
2,56,2800,282,2044,2931,0
2,57,2800,282,1080,2422,0
3,0,40,2973,2812,845,0
3,1,40,2973,2042,234,0
3,2,40,2973,2800,282,0
3,4,40,2973,140,78,0
3,5,40,2973,1463,2768,0
3,6,40,2973,523,129,0
3,7,40,2973,1956,654,0
3,8,40,2973,956,2040,0
3,9,40,2973,284,2761,0
3,10,40,2973,1681,1649,0
3,11,40,2973,1817,953,0
3,12,40,2973,1934,1743,0
3,13,40,2973,2041,1113,0
3,14,40,2973,605,1516,0
3,15,40,2973,458,105,0
3,16,40,2973,1795,2078,0
3,17,40,2973,2223,395,0
3,18,40,2973,2197,2506,0
3,19,40,2973,150,1420,0
3,20,40,2973,2298,1173,0
3,21,40,2973,1634,454,0
3,22,40,2973,1229,1071,0
3,23,40,2973,54,2765,1
3,24,40,2973,2233,353,0
3,25,40,2973,157,1452,0
3,26,40,2973,410,2896,0
3,27,40,2973,1514,1286,0
3,28,40,2973,2006,508,0
3,29,40,2973,1020,1072,0
3,30,40,2973,611,2829,0
3,31,40,2973,834,2657,0
3,32,40,2973,754,625,0
3,33,40,2973,697,519,0
3,34,40,2973,2188,777,0
3,35,40,2973,688,252,0
3,36,40,2973,275,1965,0
3,37,40,2973,290,1241,0
3,38,40,2973,14,75,0
3,39,40,2973,1986,1861,0
3,40,40,2973,2717,1593,0
3,41,40,2973,2743,2657,0
3,42,40,2973,1993,2735,0
3,43,40,2973,609,2077,0
3,44,40,2973,553,2914,0
3,45,40,2973,2603,2690,0
3,46,40,2973,1335,2514,0
3,47,40,2973,599,2406,0
3,48,40,2973,954,1257,0
3,49,40,2973,892,1644,0
3,50,40,2973,2857,1750,0
3,51,40,2973,1194,2639,0
3,52,40,2973,2293,2419,0
3,53,40,2973,2711,1474,0
3,54,40,2973,317,2547,0
3,55,40,2973,2637,242,0
3,56,40,2973,2044,2931,0
3,57,40,2973,1080,2422,0
4,0,140,78,2812,845,0
4,1,140,78,2042,234,0
4,2,140,78,2800,282,0
4,3,140,78,40,2973,0
4,5,140,78,1463,2768,0
4,6,140,78,523,129,0
4,7,140,78,1956,654,0
4,8,140,78,956,2040,0
4,9,140,78,284,2761,0
4,10,140,78,1681,1649,0
4,11,140,78,1817,953,0
4,12,140,78,1934,1743,0
4,13,140,78,2041,1113,0
4,14,140,78,605,1516,0
4,15,140,78,458,105,1
4,16,140,78,1795,2078,0
4,17,140,78,2223,395,0
4,18,140,78,2197,2506,0
4,19,140,78,150,1420,0
4,20,140,78,2298,1173,0
4,21,140,78,1634,454,0
4,22,140,78,1229,1071,0
4,23,140,78,54,2765,0
4,24,140,78,2233,353,0
4,25,140,78,157,1452,0
4,26,140,78,410,2896,0
4,27,140,78,1514,1286,0
4,28,140,78,2006,508,0
4,29,140,78,1020,1072,0
4,30,140,78,611,2829,0
4,31,140,78,834,2657,0
4,32,140,78,754,625,0
4,33,140,78,697,519,0
4,34,140,78,2188,777,0
4,35,140,78,688,252,0
4,36,140,78,275,1965,0
4,37,140,78,290,1241,0
4,38,140,78,14,75,0
4,39,140,78,1986,1861,0
4,40,140,78,2717,1593,0
4,41,140,78,2743,2657,0
4,42,140,78,1993,2735,0
4,43,140,78,609,2077,0
4,44,140,78,553,2914,0
4,45,140,78,2603,2690,0
4,46,140,78,1335,2514,0
4,47,140,78,599,2406,0
4,48,140,78,954,1257,0
4,49,140,78,892,1644,0
4,50,140,78,2857,1750,0
4,51,140,78,1194,2639,0
4,52,140,78,2293,2419,0
4,53,140,78,2711,1474,0
4,54,140,78,317,2547,0
4,55,140,78,2637,242,0
4,56,140,78,2044,2931,0
4,57,140,78,1080,2422,0
5,0,1463,2768,2812,845,0
5,1,1463,2768,2042,234,0
5,2,1463,2768,2800,282,0
5,3,1463,2768,40,2973,0
5,4,1463,2768,140,78,0
5,6,1463,2768,523,129,0
5,7,1463,2768,1956,654,0
5,8,1463,2768,956,2040,0
5,9,1463,2768,284,2761,0
5,10,1463,2768,1681,1649,0
5,11,1463,2768,1817,953,0
5,12,1463,2768,1934,1743,0
5,13,1463,2768,2041,1113,0
5,14,1463,2768,605,1516,0
5,15,1463,2768,458,105,0
5,16,1463,2768,1795,2078,0
5,17,1463,2768,2223,395,0
5,18,1463,2768,2197,2506,0
5,19,1463,2768,150,1420,0
5,20,1463,2768,2298,1173,0
5,21,1463,2768,1634,454,0
5,22,1463,2768,1229,1071,0
5,23,1463,2768,54,2765,0
5,24,1463,2768,2233,353,0
5,25,1463,2768,157,1452,0
5,26,1463,2768,410,2896,0
5,27,1463,2768,1514,1286,0
5,28,1463,2768,2006,508,0
5,29,1463,2768,1020,1072,0
5,30,1463,2768,611,2829,0
5,31,1463,2768,834,2657,0
5,32,1463,2768,754,625,0
5,33,1463,2768,697,519,0
5,34,1463,2768,2188,777,0
5,35,1463,2768,688,252,0
5,36,1463,2768,275,1965,0
5,37,1463,2768,290,1241,0
5,38,1463,2768,14,75,0
5,39,1463,2768,1986,1861,0
5,40,1463,2768,2717,1593,0
5,41,1463,2768,2743,2657,0
5,42,1463,2768,1993,2735,0
5,43,1463,2768,609,2077,0
5,44,1463,2768,553,2914,0
5,45,1463,2768,2603,2690,0
5,46,1463,2768,1335,2514,1
5,47,1463,2768,599,2406,0
5,48,1463,2768,954,1257,0
5,49,1463,2768,892,1644,0
5,50,1463,2768,2857,1750,0
5,51,1463,2768,1194,2639,0
5,52,1463,2768,2293,2419,0
5,53,1463,2768,2711,1474,0
5,54,1463,2768,317,2547,0
5,55,1463,2768,2637,242,0
5,56,1463,2768,2044,2931,0
5,57,1463,2768,1080,2422,0
6,0,523,129,2812,845,0
6,1,523,129,2042,234,0
6,2,523,129,2800,282,0
6,3,523,129,40,2973,0
6,4,523,129,140,78,0
6,5,523,129,1463,2768,0
6,7,523,129,1956,654,0
6,8,523,129,956,2040,0
6,9,523,129,284,2761,0
6,10,523,129,1681,1649,0
6,11,523,129,1817,953,0
6,12,523,129,1934,1743,0
6,13,523,129,2041,1113,0
6,14,523,129,605,1516,0
6,15,523,129,458,105,0
6,16,523,129,1795,2078,0
6,17,523,129,2223,395,0
6,18,523,129,2197,2506,0
6,19,523,129,150,1420,0
6,20,523,129,2298,1173,0
6,21,523,129,1634,454,0
6,22,523,129,1229,1071,0
6,23,523,129,54,2765,0
6,24,523,129,2233,353,0
6,25,523,129,157,1452,0
6,26,523,129,410,2896,0
6,27,523,129,1514,1286,0
6,28,523,129,2006,508,0
6,29,523,129,1020,1072,0
6,30,523,129,611,2829,0
6,31,523,129,834,2657,0
6,32,523,129,754,625,0
6,33,523,129,697,519,0
6,34,523,129,2188,777,0
6,35,523,129,688,252,1
6,36,523,129,275,1965,0
6,37,523,129,290,1241,0
6,38,523,129,14,75,0
6,39,523,129,1986,1861,0
6,40,523,129,2717,1593,0
6,41,523,129,2743,2657,0
6,42,523,129,1993,2735,0
6,43,523,129,609,2077,0
6,44,523,129,553,2914,0
6,45,523,129,2603,2690,0
6,46,523,129,1335,2514,0
6,47,523,129,599,2406,0
6,48,523,129,954,1257,0
6,49,523,129,892,1644,0
6,50,523,129,2857,1750,0
6,51,523,129,1194,2639,0
6,52,523,129,2293,2419,0
6,53,523,129,2711,1474,0
6,54,523,129,317,2547,0
6,55,523,129,2637,242,0
6,56,523,129,2044,2931,0
6,57,523,129,1080,2422,0
7,0,1956,654,2812,845,0
7,1,1956,654,2042,234,0
7,2,1956,654,2800,282,0
7,3,1956,654,40,2973,0
7,4,1956,654,140,78,0
7,5,1956,654,1463,2768,0
7,6,1956,654,523,129,0
7,8,1956,654,956,2040,0
7,9,1956,654,284,2761,0
7,10,1956,654,1681,1649,0
7,11,1956,654,1817,953,0
7,12,1956,654,1934,1743,0
7,13,1956,654,2041,1113,0
7,14,1956,654,605,1516,0
7,15,1956,654,458,105,0
7,16,1956,654,1795,2078,0
7,17,1956,654,2223,395,0
7,18,1956,654,2197,2506,0
7,19,1956,654,150,1420,0
7,20,1956,654,2298,1173,0
7,21,1956,654,1634,454,0
7,22,1956,654,1229,1071,0
7,23,1956,654,54,2765,0
7,24,1956,654,2233,353,0
7,25,1956,654,157,1452,0
7,26,1956,654,410,2896,0
7,27,1956,654,1514,1286,0
7,28,1956,654,2006,508,1
7,29,1956,654,1020,1072,0
7,30,1956,654,611,2829,0
7,31,1956,654,834,2657,0
7,32,1956,654,754,625,0
7,33,1956,654,697,519,0
7,34,1956,654,2188,777,0
7,35,1956,654,688,252,0
7,36,1956,654,275,1965,0
7,37,1956,654,290,1241,0
7,38,1956,654,14,75,0
7,39,1956,654,1986,1861,0
7,40,1956,654,2717,1593,0
7,41,1956,654,2743,2657,0
7,42,1956,654,1993,2735,0
7,43,1956,654,609,2077,0
7,44,1956,654,553,2914,0
7,45,1956,654,2603,2690,0
7,46,1956,654,1335,2514,0
7,47,1956,654,599,2406,0
7,48,1956,654,954,1257,0
7,49,1956,654,892,1644,0
7,50,1956,654,2857,1750,0
7,51,1956,654,1194,2639,0
7,52,1956,654,2293,2419,0
7,53,1956,654,2711,1474,0
7,54,1956,654,317,2547,0
7,55,1956,654,2637,242,0
7,56,1956,654,2044,2931,0
7,57,1956,654,1080,2422,0
8,0,956,2040,2812,845,0
8,1,956,2040,2042,234,0
8,2,956,2040,2800,282,0
8,3,956,2040,40,2973,0
8,4,956,2040,140,78,0
8,5,956,2040,1463,2768,0
8,6,956,2040,523,129,0
8,7,956,2040,1956,654,0
8,9,956,2040,284,2761,0
8,10,956,2040,1681,1649,0
8,11,956,2040,1817,953,0
8,12,956,2040,1934,1743,0
8,13,956,2040,2041,1113,0
8,14,956,2040,605,1516,0
8,15,956,2040,458,105,0
8,16,956,2040,1795,2078,0
8,17,956,2040,2223,395,0
8,18,956,2040,2197,2506,0
8,19,956,2040,150,1420,0
8,20,956,2040,2298,1173,0
8,21,956,2040,1634,454,0
8,22,956,2040,1229,1071,0
8,23,956,2040,54,2765,0
8,24,956,2040,2233,353,0
8,25,956,2040,157,1452,0
8,26,956,2040,410,2896,0
8,27,956,2040,1514,1286,0
8,28,956,2040,2006,508,0
8,29,956,2040,1020,1072,0
8,30,956,2040,611,2829,0
8,31,956,2040,834,2657,0
8,32,956,2040,754,625,0
8,33,956,2040,697,519,0
8,34,956,2040,2188,777,0
8,35,956,2040,688,252,0
8,36,956,2040,275,1965,0
8,37,956,2040,290,1241,0
8,38,956,2040,14,75,0
8,39,956,2040,1986,1861,0
8,40,956,2040,2717,1593,0
8,41,956,2040,2743,2657,0
8,42,956,2040,1993,2735,0
8,43,956,2040,609,2077,0
8,44,956,2040,553,2914,0
8,45,956,2040,2603,2690,0
8,46,956,2040,1335,2514,0
8,47,956,2040,599,2406,0
8,48,956,2040,954,1257,0
8,49,956,2040,892,1644,1
8,50,956,2040,2857,1750,0
8,51,956,2040,1194,2639,0
8,52,956,2040,2293,2419,0
8,53,956,2040,2711,1474,0
8,54,956,2040,317,2547,0
8,55,956,2040,2637,242,0
8,56,956,2040,2044,2931,0
8,57,956,2040,1080,2422,0
9,0,284,2761,2812,845,0
9,1,284,2761,2042,234,0
9,2,284,2761,2800,282,0
9,3,284,2761,40,2973,0
9,4,284,2761,140,78,0
9,5,284,2761,1463,2768,0
9,6,284,2761,523,129,0
9,7,284,2761,1956,654,0
9,8,284,2761,956,2040,0
9,10,284,2761,1681,1649,0
9,11,284,2761,1817,953,0
9,12,284,2761,1934,1743,0
9,13,284,2761,2041,1113,0
9,14,284,2761,605,1516,0
9,15,284,2761,458,105,0
9,16,284,2761,1795,2078,0
9,17,284,2761,2223,395,0
9,18,284,2761,2197,2506,0
9,19,284,2761,150,1420,0
9,20,284,2761,2298,1173,0
9,21,284,2761,1634,454,0
9,22,284,2761,1229,1071,0
9,23,284,2761,54,2765,0
9,24,284,2761,2233,353,0
9,25,284,2761,157,1452,0
9,26,284,2761,410,2896,0
9,27,284,2761,1514,1286,0
9,28,284,2761,2006,508,0
9,29,284,2761,1020,1072,0
9,30,284,2761,611,2829,0
9,31,284,2761,834,2657,0
9,32,284,2761,754,625,0
9,33,284,2761,697,519,0
9,34,284,2761,2188,777,0
9,35,284,2761,688,252,0
9,36,284,2761,275,1965,0
9,37,284,2761,290,1241,0
9,38,284,2761,14,75,0
9,39,284,2761,1986,1861,0
9,40,284,2761,2717,1593,0
9,41,284,2761,2743,2657,0
9,42,284,2761,1993,2735,0
9,43,284,2761,609,2077,0
9,44,284,2761,553,2914,0
9,45,284,2761,2603,2690,0
9,46,284,2761,1335,2514,0
9,47,284,2761,599,2406,0
9,48,284,2761,954,1257,0
9,49,284,2761,892,1644,0
9,50,284,2761,2857,1750,0
9,51,284,2761,1194,2639,0
9,52,284,2761,2293,2419,0
9,53,284,2761,2711,1474,0
9,54,284,2761,317,2547,1
9,55,284,2761,2637,242,0
9,56,284,2761,2044,2931,0
9,57,284,2761,1080,2422,0
10,0,1681,1649,2812,845,0
10,1,1681,1649,2042,234,0
10,2,1681,1649,2800,282,0
10,3,1681,1649,40,2973,0
10,4,1681,1649,140,78,0
10,5,1681,1649,1463,2768,0
10,6,1681,1649,523,129,0
10,7,1681,1649,1956,654,0
10,8,1681,1649,956,2040,0
10,9,1681,1649,284,2761,0
10,11,1681,1649,1817,953,0
10,12,1681,1649,1934,1743,0
10,13,1681,1649,2041,1113,0
10,14,1681,1649,605,1516,0
10,15,1681,1649,458,105,0
10,16,1681,1649,1795,2078,1
10,17,1681,1649,2223,395,0
10,18,1681,1649,2197,2506,0
10,19,1681,1649,150,1420,0
10,20,1681,1649,2298,1173,0
10,21,1681,1649,1634,454,0
10,22,1681,1649,1229,1071,0
10,23,1681,1649,54,2765,0
10,24,1681,1649,2233,353,0
10,25,1681,1649,157,1452,0
10,26,1681,1649,410,2896,0
10,27,1681,1649,1514,1286,0
10,28,1681,1649,2006,508,0
10,29,1681,1649,1020,1072,0
10,30,1681,1649,611,2829,0
10,31,1681,1649,834,2657,0
10,32,1681,1649,754,625,0
10,33,1681,1649,697,519,0
10,34,1681,1649,2188,777,0
10,35,1681,1649,688,252,0
10,36,1681,1649,275,1965,0
10,37,1681,1649,290,1241,0
10,38,1681,1649,14,75,0
10,39,1681,1649,1986,1861,0
10,40,1681,1649,2717,1593,0
10,41,1681,1649,2743,2657,0
10,42,1681,1649,1993,2735,0
10,43,1681,1649,609,2077,0
10,44,1681,1649,553,2914,0
10,45,1681,1649,2603,2690,0
10,46,1681,1649,1335,2514,0
10,47,1681,1649,599,2406,0
10,48,1681,1649,954,1257,0
10,49,1681,1649,892,1644,0
10,50,1681,1649,2857,1750,0
10,51,1681,1649,1194,2639,0
10,52,1681,1649,2293,2419,0
10,53,1681,1649,2711,1474,0
10,54,1681,1649,317,2547,0
10,55,1681,1649,2637,242,0
10,56,1681,1649,2044,2931,0
10,57,1681,1649,1080,2422,0
11,0,1817,953,2812,845,0
11,1,1817,953,2042,234,0
11,2,1817,953,2800,282,0
11,3,1817,953,40,2973,0
11,4,1817,953,140,78,0
11,5,1817,953,1463,2768,0
11,6,1817,953,523,129,0
11,7,1817,953,1956,654,0
11,8,1817,953,956,2040,0
11,9,1817,953,284,2761,0
11,10,1817,953,1681,1649,0
11,12,1817,953,1934,1743,0
11,13,1817,953,2041,1113,0
11,14,1817,953,605,1516,0
11,15,1817,953,458,105,0
11,16,1817,953,1795,2078,0
11,17,1817,953,2223,395,0
11,18,1817,953,2197,2506,0
11,19,1817,953,150,1420,0
11,20,1817,953,2298,1173,0
11,21,1817,953,1634,454,0
11,22,1817,953,1229,1071,0
11,23,1817,953,54,2765,0
11,24,1817,953,2233,353,0
11,25,1817,953,157,1452,0
11,26,1817,953,410,2896,0
11,27,1817,953,1514,1286,0
11,28,1817,953,2006,508,0
11,29,1817,953,1020,1072,0
11,30,1817,953,611,2829,0
11,31,1817,953,834,2657,0
11,32,1817,953,754,625,0
11,33,1817,953,697,519,0
11,34,1817,953,2188,777,1
11,35,1817,953,688,252,0
11,36,1817,953,275,1965,0
11,37,1817,953,290,1241,0
11,38,1817,953,14,75,0
11,39,1817,953,1986,1861,0
11,40,1817,953,2717,1593,0
11,41,1817,953,2743,2657,0
11,42,1817,953,1993,2735,0
11,43,1817,953,609,2077,0
11,44,1817,953,553,2914,0
11,45,1817,953,2603,2690,0
11,46,1817,953,1335,2514,0
11,47,1817,953,599,2406,0
11,48,1817,953,954,1257,0
11,49,1817,953,892,1644,0
11,50,1817,953,2857,1750,0
11,51,1817,953,1194,2639,0
11,52,1817,953,2293,2419,0
11,53,1817,953,2711,1474,0
11,54,1817,953,317,2547,0
11,55,1817,953,2637,242,0
11,56,1817,953,2044,2931,0
11,57,1817,953,1080,2422,0
12,0,1934,1743,2812,845,0
12,1,1934,1743,2042,234,0
12,2,1934,1743,2800,282,0
12,3,1934,1743,40,2973,0
12,4,1934,1743,140,78,0
12,5,1934,1743,1463,2768,0
12,6,1934,1743,523,129,0
12,7,1934,1743,1956,654,0
12,8,1934,1743,956,2040,0
12,9,1934,1743,284,2761,0
12,10,1934,1743,1681,1649,0
12,11,1934,1743,1817,953,0
12,13,1934,1743,2041,1113,0
12,14,1934,1743,605,1516,0
12,15,1934,1743,458,105,0
12,16,1934,1743,1795,2078,0
12,17,1934,1743,2223,395,0
12,18,1934,1743,2197,2506,0
12,19,1934,1743,150,1420,0
12,20,1934,1743,2298,1173,1
12,21,1934,1743,1634,454,0
12,22,1934,1743,1229,1071,0
12,23,1934,1743,54,2765,0
12,24,1934,1743,2233,353,0
12,25,1934,1743,157,1452,0
12,26,1934,1743,410,2896,0
12,27,1934,1743,1514,1286,0
12,28,1934,1743,2006,508,0
12,29,1934,1743,1020,1072,0
12,30,1934,1743,611,2829,0
12,31,1934,1743,834,2657,0
12,32,1934,1743,754,625,0
12,33,1934,1743,697,519,0
12,34,1934,1743,2188,777,0
12,35,1934,1743,688,252,0
12,36,1934,1743,275,1965,0
12,37,1934,1743,290,1241,0
12,38,1934,1743,14,75,0
12,39,1934,1743,1986,1861,0
12,40,1934,1743,2717,1593,0
12,41,1934,1743,2743,2657,0
12,42,1934,1743,1993,2735,0
12,43,1934,1743,609,2077,0
12,44,1934,1743,553,2914,0
12,45,1934,1743,2603,2690,0
12,46,1934,1743,1335,2514,0
12,47,1934,1743,599,2406,0
12,48,1934,1743,954,1257,0
12,49,1934,1743,892,1644,0
12,50,1934,1743,2857,1750,0
12,51,1934,1743,1194,2639,0
12,52,1934,1743,2293,2419,0
12,53,1934,1743,2711,1474,0
12,54,1934,1743,317,2547,0
12,55,1934,1743,2637,242,0
12,56,1934,1743,2044,2931,0
12,57,1934,1743,1080,2422,0
13,0,2041,1113,2812,845,0
13,1,2041,1113,2042,234,0
13,2,2041,1113,2800,282,0
13,3,2041,1113,40,2973,0
13,4,2041,1113,140,78,0
13,5,2041,1113,1463,2768,0
13,6,2041,1113,523,129,0
13,7,2041,1113,1956,654,0
13,8,2041,1113,956,2040,0
13,9,2041,1113,284,2761,0
13,10,2041,1113,1681,1649,0
13,11,2041,1113,1817,953,1
13,12,2041,1113,1934,1743,0
13,14,2041,1113,605,1516,0
13,15,2041,1113,458,105,0
13,16,2041,1113,1795,2078,0
13,17,2041,1113,2223,395,0
13,18,2041,1113,2197,2506,0
13,19,2041,1113,150,1420,0
13,20,2041,1113,2298,1173,0
13,21,2041,1113,1634,454,0
13,22,2041,1113,1229,1071,0
13,23,2041,1113,54,2765,0
13,24,2041,1113,2233,353,0
13,25,2041,1113,157,1452,0
13,26,2041,1113,410,2896,0
13,27,2041,1113,1514,1286,0
13,28,2041,1113,2006,508,0
13,29,2041,1113,1020,1072,0
13,30,2041,1113,611,2829,0
13,31,2041,1113,834,2657,0
13,32,2041,1113,754,625,0
13,33,2041,1113,697,519,0
13,34,2041,1113,2188,777,0
13,35,2041,1113,688,252,0
13,36,2041,1113,275,1965,0
13,37,2041,1113,290,1241,0
13,38,2041,1113,14,75,0
13,39,2041,1113,1986,1861,0
13,40,2041,1113,2717,1593,0
13,41,2041,1113,2743,2657,0
13,42,2041,1113,1993,2735,0
13,43,2041,1113,609,2077,0
13,44,2041,1113,553,2914,0
13,45,2041,1113,2603,2690,0
13,46,2041,1113,1335,2514,0
13,47,2041,1113,599,2406,0
13,48,2041,1113,954,1257,0
13,49,2041,1113,892,1644,0
13,50,2041,1113,2857,1750,0
13,51,2041,1113,1194,2639,0
13,52,2041,1113,2293,2419,0
13,53,2041,1113,2711,1474,0
13,54,2041,1113,317,2547,0
13,55,2041,1113,2637,242,0
13,56,2041,1113,2044,2931,0
13,57,2041,1113,1080,2422,0
14,0,605,1516,2812,845,0
14,1,605,1516,2042,234,0
14,2,605,1516,2800,282,0
14,3,605,1516,40,2973,0
14,4,605,1516,140,78,0
14,5,605,1516,1463,2768,0
14,6,605,1516,523,129,0
14,7,605,1516,1956,654,0
14,8,605,1516,956,2040,0
14,9,605,1516,284,2761,0
14,10,605,1516,1681,1649,0
14,11,605,1516,1817,953,0
14,12,605,1516,1934,1743,0
14,13,605,1516,2041,1113,0
14,15,605,1516,458,105,0
14,16,605,1516,1795,2078,0
14,17,605,1516,2223,395,0
14,18,605,1516,2197,2506,0
14,19,605,1516,150,1420,0
14,20,605,1516,2298,1173,0
14,21,605,1516,1634,454,0
14,22,605,1516,1229,1071,0
14,23,605,1516,54,2765,0
14,24,605,1516,2233,353,0
14,25,605,1516,157,1452,1
14,26,605,1516,410,2896,0
14,27,605,1516,1514,1286,0
14,28,605,1516,2006,508,0
14,29,605,1516,1020,1072,0
14,30,605,1516,611,2829,0
14,31,605,1516,834,2657,0
14,32,605,1516,754,625,0
14,33,605,1516,697,519,0
14,34,605,1516,2188,777,0
14,35,605,1516,688,252,0
14,36,605,1516,275,1965,0
14,37,605,1516,290,1241,0
14,38,605,1516,14,75,0
14,39,605,1516,1986,1861,0
14,40,605,1516,2717,1593,0
14,41,605,1516,2743,2657,0
14,42,605,1516,1993,2735,0
14,43,605,1516,609,2077,0
14,44,605,1516,553,2914,0
14,45,605,1516,2603,2690,0
14,46,605,1516,1335,2514,0
14,47,605,1516,599,2406,0
14,48,605,1516,954,1257,0
14,49,605,1516,892,1644,0
14,50,605,1516,2857,1750,0
14,51,605,1516,1194,2639,0
14,52,605,1516,2293,2419,0
14,53,605,1516,2711,1474,0
14,54,605,1516,317,2547,0
14,55,605,1516,2637,242,0
14,56,605,1516,2044,2931,0
14,57,605,1516,1080,2422,0
15,0,458,105,2812,845,0
15,1,458,105,2042,234,0
15,2,458,105,2800,282,0
15,3,458,105,40,2973,0
15,4,458,105,140,78,0
15,5,458,105,1463,2768,0
15,6,458,105,523,129,1
15,7,458,105,1956,654,0
15,8,458,105,956,2040,0
15,9,458,105,284,2761,0
15,10,458,105,1681,1649,0
15,11,458,105,1817,953,0
15,12,458,105,1934,1743,0
15,13,458,105,2041,1113,0
15,14,458,105,605,1516,0
15,16,458,105,1795,2078,0
15,17,458,105,2223,395,0
15,18,458,105,2197,2506,0
15,19,458,105,150,1420,0
15,20,458,105,2298,1173,0
15,21,458,105,1634,454,0
15,22,458,105,1229,1071,0
15,23,458,105,54,2765,0
15,24,458,105,2233,353,0
15,25,458,105,157,1452,0
15,26,458,105,410,2896,0
15,27,458,105,1514,1286,0
15,28,458,105,2006,508,0
15,29,458,105,1020,1072,0
15,30,458,105,611,2829,0
15,31,458,105,834,2657,0
15,32,458,105,754,625,0
15,33,458,105,697,519,0
15,34,458,105,2188,777,0
15,35,458,105,688,252,0
15,36,458,105,275,1965,0
15,37,458,105,290,1241,0
15,38,458,105,14,75,0
15,39,458,105,1986,1861,0
15,40,458,105,2717,1593,0
15,41,458,105,2743,2657,0
15,42,458,105,1993,2735,0
15,43,458,105,609,2077,0
15,44,458,105,553,2914,0
15,45,458,105,2603,2690,0
15,46,458,105,1335,2514,0
15,47,458,105,599,2406,0
15,48,458,105,954,1257,0
15,49,458,105,892,1644,0
15,50,458,105,2857,1750,0
15,51,458,105,1194,2639,0
15,52,458,105,2293,2419,0
15,53,458,105,2711,1474,0
15,54,458,105,317,2547,0
15,55,458,105,2637,242,0
15,56,458,105,2044,2931,0
15,57,458,105,1080,2422,0
16,0,1795,2078,2812,845,0
16,1,1795,2078,2042,234,0
16,2,1795,2078,2800,282,0
16,3,1795,2078,40,2973,0
16,4,1795,2078,140,78,0
16,5,1795,2078,1463,2768,0
16,6,1795,2078,523,129,0
16,7,1795,2078,1956,654,0
16,8,1795,2078,956,2040,0
16,9,1795,2078,284,2761,0
16,10,1795,2078,1681,1649,0
16,11,1795,2078,1817,953,0
16,12,1795,2078,1934,1743,0
16,13,1795,2078,2041,1113,0
16,14,1795,2078,605,1516,0
16,15,1795,2078,458,105,0
16,17,1795,2078,2223,395,0
16,18,1795,2078,2197,2506,0
16,19,1795,2078,150,1420,0
16,20,1795,2078,2298,1173,0
16,21,1795,2078,1634,454,0
16,22,1795,2078,1229,1071,0
16,23,1795,2078,54,2765,0
16,24,1795,2078,2233,353,0
16,25,1795,2078,157,1452,0
16,26,1795,2078,410,2896,0
16,27,1795,2078,1514,1286,0
16,28,1795,2078,2006,508,0
16,29,1795,2078,1020,1072,0
16,30,1795,2078,611,2829,0
16,31,1795,2078,834,2657,0
16,32,1795,2078,754,625,0
16,33,1795,2078,697,519,0
16,34,1795,2078,2188,777,0
16,35,1795,2078,688,252,0
16,36,1795,2078,275,1965,0
16,37,1795,2078,290,1241,0
16,38,1795,2078,14,75,0
16,39,1795,2078,1986,1861,1
16,40,1795,2078,2717,1593,0
16,41,1795,2078,2743,2657,0
16,42,1795,2078,1993,2735,0
16,43,1795,2078,609,2077,0
16,44,1795,2078,553,2914,0
16,45,1795,2078,2603,2690,0
16,46,1795,2078,1335,2514,0
16,47,1795,2078,599,2406,0
16,48,1795,2078,954,1257,0
16,49,1795,2078,892,1644,0
16,50,1795,2078,2857,1750,0
16,51,1795,2078,1194,2639,0
16,52,1795,2078,2293,2419,0
16,53,1795,2078,2711,1474,0
16,54,1795,2078,317,2547,0
16,55,1795,2078,2637,242,0
16,56,1795,2078,2044,2931,0
16,57,1795,2078,1080,2422,0
17,0,2223,395,2812,845,0
17,1,2223,395,2042,234,0
17,2,2223,395,2800,282,0
17,3,2223,395,40,2973,0
17,4,2223,395,140,78,0
17,5,2223,395,1463,2768,0
17,6,2223,395,523,129,0
17,7,2223,395,1956,654,0
17,8,2223,395,956,2040,0
17,9,2223,395,284,2761,0
17,10,2223,395,1681,1649,0
17,11,2223,395,1817,953,0
17,12,2223,395,1934,1743,0
17,13,2223,395,2041,1113,0
17,14,2223,395,605,1516,0
17,15,2223,395,458,105,0
17,16,2223,395,1795,2078,0
17,18,2223,395,2197,2506,0
17,19,2223,395,150,1420,0
17,20,2223,395,2298,1173,0
17,21,2223,395,1634,454,0
17,22,2223,395,1229,1071,0
17,23,2223,395,54,2765,0
17,24,2223,395,2233,353,1
17,25,2223,395,157,1452,0
17,26,2223,395,410,2896,0
17,27,2223,395,1514,1286,0
17,28,2223,395,2006,508,0
17,29,2223,395,1020,1072,0
17,30,2223,395,611,2829,0
17,31,2223,395,834,2657,0
17,32,2223,395,754,625,0
17,33,2223,395,697,519,0
17,34,2223,395,2188,777,0
17,35,2223,395,688,252,0
17,36,2223,395,275,1965,0
17,37,2223,395,290,1241,0
17,38,2223,395,14,75,0
17,39,2223,395,1986,1861,0
17,40,2223,395,2717,1593,0
17,41,2223,395,2743,2657,0
17,42,2223,395,1993,2735,0
17,43,2223,395,609,2077,0
17,44,2223,395,553,2914,0
17,45,2223,395,2603,2690,0
17,46,2223,395,1335,2514,0
17,47,2223,395,599,2406,0
17,48,2223,395,954,1257,0
17,49,2223,395,892,1644,0
17,50,2223,395,2857,1750,0
17,51,2223,395,1194,2639,0
17,52,2223,395,2293,2419,0
17,53,2223,395,2711,1474,0
17,54,2223,395,317,2547,0
17,55,2223,395,2637,242,0
17,56,2223,395,2044,2931,0
17,57,2223,395,1080,2422,0
18,0,2197,2506,2812,845,0
18,1,2197,2506,2042,234,0
18,2,2197,2506,2800,282,0
18,3,2197,2506,40,2973,0
18,4,2197,2506,140,78,0
18,5,2197,2506,1463,2768,0
18,6,2197,2506,523,129,0
18,7,2197,2506,1956,654,0
18,8,2197,2506,956,2040,0
18,9,2197,2506,284,2761,0
18,10,2197,2506,1681,1649,0
18,11,2197,2506,1817,953,0
18,12,2197,2506,1934,1743,0
18,13,2197,2506,2041,1113,0
18,14,2197,2506,605,1516,0
18,15,2197,2506,458,105,0
18,16,2197,2506,1795,2078,0
18,17,2197,2506,2223,395,0
18,19,2197,2506,150,1420,0
18,20,2197,2506,2298,1173,0
18,21,2197,2506,1634,454,0
18,22,2197,2506,1229,1071,0
18,23,2197,2506,54,2765,0
18,24,2197,2506,2233,353,0
18,25,2197,2506,157,1452,0
18,26,2197,2506,410,2896,0
18,27,2197,2506,1514,1286,0
18,28,2197,2506,2006,508,0
18,29,2197,2506,1020,1072,0
18,30,2197,2506,611,2829,0
18,31,2197,2506,834,2657,0
18,32,2197,2506,754,625,0
18,33,2197,2506,697,519,0
18,34,2197,2506,2188,777,0
18,35,2197,2506,688,252,0
18,36,2197,2506,275,1965,0
18,37,2197,2506,290,1241,0
18,38,2197,2506,14,75,0
18,39,2197,2506,1986,1861,0
18,40,2197,2506,2717,1593,0
18,41,2197,2506,2743,2657,0
18,42,2197,2506,1993,2735,1
18,43,2197,2506,609,2077,0
18,44,2197,2506,553,2914,0
18,45,2197,2506,2603,2690,0
18,46,2197,2506,1335,2514,0
18,47,2197,2506,599,2406,0
18,48,2197,2506,954,1257,0
18,49,2197,2506,892,1644,0
18,50,2197,2506,2857,1750,0
18,51,2197,2506,1194,2639,0
18,52,2197,2506,2293,2419,0
18,53,2197,2506,2711,1474,0
18,54,2197,2506,317,2547,0
18,55,2197,2506,2637,242,0
18,56,2197,2506,2044,2931,0
18,57,2197,2506,1080,2422,0
19,0,150,1420,2812,845,0
19,1,150,1420,2042,234,0
19,2,150,1420,2800,282,0
19,3,150,1420,40,2973,0
19,4,150,1420,140,78,0
19,5,150,1420,1463,2768,0
19,6,150,1420,523,129,0
19,7,150,1420,1956,654,0
19,8,150,1420,956,2040,0
19,9,150,1420,284,2761,0
19,10,150,1420,1681,1649,0
19,11,150,1420,1817,953,0
19,12,150,1420,1934,1743,0
19,13,150,1420,2041,1113,0
19,14,150,1420,605,1516,0
19,15,150,1420,458,105,0
19,16,150,1420,1795,2078,0
19,17,150,1420,2223,395,0
19,18,150,1420,2197,2506,0
19,20,150,1420,2298,1173,0
19,21,150,1420,1634,454,0
19,22,150,1420,1229,1071,0
19,23,150,1420,54,2765,0
19,24,150,1420,2233,353,0
19,25,150,1420,157,1452,0
19,26,150,1420,410,2896,0
19,27,150,1420,1514,1286,0
19,28,150,1420,2006,508,0
19,29,150,1420,1020,1072,0
19,30,150,1420,611,2829,0
19,31,150,1420,834,2657,0
19,32,150,1420,754,625,0
19,33,150,1420,697,519,0
19,34,150,1420,2188,777,0
19,35,150,1420,688,252,0
19,36,150,1420,275,1965,0
19,37,150,1420,290,1241,1
19,38,150,1420,14,75,0
19,39,150,1420,1986,1861,0
19,40,150,1420,2717,1593,0
19,41,150,1420,2743,2657,0
19,42,150,1420,1993,2735,0
19,43,150,1420,609,2077,0
19,44,150,1420,553,2914,0
19,45,150,1420,2603,2690,0
19,46,150,1420,1335,2514,0
19,47,150,1420,599,2406,0
19,48,150,1420,954,1257,0
19,49,150,1420,892,1644,0
19,50,150,1420,2857,1750,0
19,51,150,1420,1194,2639,0
19,52,150,1420,2293,2419,0
19,53,150,1420,2711,1474,0
19,54,150,1420,317,2547,0
19,55,150,1420,2637,242,0
19,56,150,1420,2044,2931,0
19,57,150,1420,1080,2422,0
20,0,2298,1173,2812,845,0
20,1,2298,1173,2042,234,0
20,2,2298,1173,2800,282,0
20,3,2298,1173,40,2973,0
20,4,2298,1173,140,78,0
20,5,2298,1173,1463,2768,0
20,6,2298,1173,523,129,0
20,7,2298,1173,1956,654,0
20,8,2298,1173,956,2040,0
20,9,2298,1173,284,2761,0
20,10,2298,1173,1681,1649,0
20,11,2298,1173,1817,953,0
20,12,2298,1173,1934,1743,0
20,13,2298,1173,2041,1113,1
20,14,2298,1173,605,1516,0
20,15,2298,1173,458,105,0
20,16,2298,1173,1795,2078,0
20,17,2298,1173,2223,395,0
20,18,2298,1173,2197,2506,0
20,19,2298,1173,150,1420,0
20,21,2298,1173,1634,454,0
20,22,2298,1173,1229,1071,0
20,23,2298,1173,54,2765,0
20,24,2298,1173,2233,353,0
20,25,2298,1173,157,1452,0
20,26,2298,1173,410,2896,0
20,27,2298,1173,1514,1286,0
20,28,2298,1173,2006,508,0
20,29,2298,1173,1020,1072,0
20,30,2298,1173,611,2829,0
20,31,2298,1173,834,2657,0
20,32,2298,1173,754,625,0
20,33,2298,1173,697,519,0
20,34,2298,1173,2188,777,0
20,35,2298,1173,688,252,0
20,36,2298,1173,275,1965,0
20,37,2298,1173,290,1241,0
20,38,2298,1173,14,75,0
20,39,2298,1173,1986,1861,0
20,40,2298,1173,2717,1593,0
20,41,2298,1173,2743,2657,0
20,42,2298,1173,1993,2735,0
20,43,2298,1173,609,2077,0
20,44,2298,1173,553,2914,0
20,45,2298,1173,2603,2690,0
20,46,2298,1173,1335,2514,0
20,47,2298,1173,599,2406,0
20,48,2298,1173,954,1257,0
20,49,2298,1173,892,1644,0
20,50,2298,1173,2857,1750,0
20,51,2298,1173,1194,2639,0
20,52,2298,1173,2293,2419,0
20,53,2298,1173,2711,1474,0
20,54,2298,1173,317,2547,0
20,55,2298,1173,2637,242,0
20,56,2298,1173,2044,2931,0
20,57,2298,1173,1080,2422,0
21,0,1634,454,2812,845,0
21,1,1634,454,2042,234,1
21,2,1634,454,2800,282,0
21,3,1634,454,40,2973,0
21,4,1634,454,140,78,0
21,5,1634,454,1463,2768,0
21,6,1634,454,523,129,0
21,7,1634,454,1956,654,0
21,8,1634,454,956,2040,0
21,9,1634,454,284,2761,0
21,10,1634,454,1681,1649,0
21,11,1634,454,1817,953,0
21,12,1634,454,1934,1743,0
21,13,1634,454,2041,1113,0
21,14,1634,454,605,1516,0
21,15,1634,454,458,105,0
21,16,1634,454,1795,2078,0
21,17,1634,454,2223,395,0
21,18,1634,454,2197,2506,0
21,19,1634,454,150,1420,0
21,20,1634,454,2298,1173,0
21,22,1634,454,1229,1071,0
21,23,1634,454,54,2765,0
21,24,1634,454,2233,353,0
21,25,1634,454,157,1452,0
21,26,1634,454,410,2896,0
21,27,1634,454,1514,1286,0
21,28,1634,454,2006,508,0
21,29,1634,454,1020,1072,0
21,30,1634,454,611,2829,0
21,31,1634,454,834,2657,0
21,32,1634,454,754,625,0
21,33,1634,454,697,519,0
21,34,1634,454,2188,777,0
21,35,1634,454,688,252,0
21,36,1634,454,275,1965,0
21,37,1634,454,290,1241,0
21,38,1634,454,14,75,0
21,39,1634,454,1986,1861,0
21,40,1634,454,2717,1593,0
21,41,1634,454,2743,2657,0
21,42,1634,454,1993,2735,0
21,43,1634,454,609,2077,0
21,44,1634,454,553,2914,0
21,45,1634,454,2603,2690,0
21,46,1634,454,1335,2514,0
21,47,1634,454,599,2406,0
21,48,1634,454,954,1257,0
21,49,1634,454,892,1644,0
21,50,1634,454,2857,1750,0
21,51,1634,454,1194,2639,0
21,52,1634,454,2293,2419,0
21,53,1634,454,2711,1474,0
21,54,1634,454,317,2547,0
21,55,1634,454,2637,242,0
21,56,1634,454,2044,2931,0
21,57,1634,454,1080,2422,0
22,0,1229,1071,2812,845,0
22,1,1229,1071,2042,234,0
22,2,1229,1071,2800,282,0
22,3,1229,1071,40,2973,0
22,4,1229,1071,140,78,0
22,5,1229,1071,1463,2768,0
22,6,1229,1071,523,129,0
22,7,1229,1071,1956,654,0
22,8,1229,1071,956,2040,0
22,9,1229,1071,284,2761,0
22,10,1229,1071,1681,1649,0
22,11,1229,1071,1817,953,0
22,12,1229,1071,1934,1743,0
22,13,1229,1071,2041,1113,0
22,14,1229,1071,605,1516,0
22,15,1229,1071,458,105,0
22,16,1229,1071,1795,2078,0
22,17,1229,1071,2223,395,0
22,18,1229,1071,2197,2506,0
22,19,1229,1071,150,1420,0
22,20,1229,1071,2298,1173,0
22,21,1229,1071,1634,454,0
22,23,1229,1071,54,2765,0
22,24,1229,1071,2233,353,0
22,25,1229,1071,157,1452,0
22,26,1229,1071,410,2896,0
22,27,1229,1071,1514,1286,1
22,28,1229,1071,2006,508,0
22,29,1229,1071,1020,1072,0
22,30,1229,1071,611,2829,0
22,31,1229,1071,834,2657,0
22,32,1229,1071,754,625,0
22,33,1229,1071,697,519,0
22,34,1229,1071,2188,777,0
22,35,1229,1071,688,252,0
22,36,1229,1071,275,1965,0
22,37,1229,1071,290,1241,0
22,38,1229,1071,14,75,0
22,39,1229,1071,1986,1861,0
22,40,1229,1071,2717,1593,0
22,41,1229,1071,2743,2657,0
22,42,1229,1071,1993,2735,0
22,43,1229,1071,609,2077,0
22,44,1229,1071,553,2914,0
22,45,1229,1071,2603,2690,0
22,46,1229,1071,1335,2514,0
22,47,1229,1071,599,2406,0
22,48,1229,1071,954,1257,0
22,49,1229,1071,892,1644,0
22,50,1229,1071,2857,1750,0
22,51,1229,1071,1194,2639,0
22,52,1229,1071,2293,2419,0
22,53,1229,1071,2711,1474,0
22,54,1229,1071,317,2547,0
22,55,1229,1071,2637,242,0
22,56,1229,1071,2044,2931,0
22,57,1229,1071,1080,2422,0
23,0,54,2765,2812,845,0
23,1,54,2765,2042,234,0
23,2,54,2765,2800,282,0
23,3,54,2765,40,2973,0
23,4,54,2765,140,78,0
23,5,54,2765,1463,2768,0
23,6,54,2765,523,129,0
23,7,54,2765,1956,654,0
23,8,54,2765,956,2040,0
23,9,54,2765,284,2761,1
23,10,54,2765,1681,1649,0
23,11,54,2765,1817,953,0
23,12,54,2765,1934,1743,0
23,13,54,2765,2041,1113,0
23,14,54,2765,605,1516,0
23,15,54,2765,458,105,0
23,16,54,2765,1795,2078,0
23,17,54,2765,2223,395,0
23,18,54,2765,2197,2506,0
23,19,54,2765,150,1420,0
23,20,54,2765,2298,1173,0
23,21,54,2765,1634,454,0
23,22,54,2765,1229,1071,0
23,24,54,2765,2233,353,0
23,25,54,2765,157,1452,0
23,26,54,2765,410,2896,0
23,27,54,2765,1514,1286,0
23,28,54,2765,2006,508,0
23,29,54,2765,1020,1072,0
23,30,54,2765,611,2829,0
23,31,54,2765,834,2657,0
23,32,54,2765,754,625,0
23,33,54,2765,697,519,0
23,34,54,2765,2188,777,0
23,35,54,2765,688,252,0
23,36,54,2765,275,1965,0
23,37,54,2765,290,1241,0
23,38,54,2765,14,75,0
23,39,54,2765,1986,1861,0
23,40,54,2765,2717,1593,0
23,41,54,2765,2743,2657,0
23,42,54,2765,1993,2735,0
23,43,54,2765,609,2077,0
23,44,54,2765,553,2914,0
23,45,54,2765,2603,2690,0
23,46,54,2765,1335,2514,0
23,47,54,2765,599,2406,0
23,48,54,2765,954,1257,0
23,49,54,2765,892,1644,0
23,50,54,2765,2857,1750,0
23,51,54,2765,1194,2639,0
23,52,54,2765,2293,2419,0
23,53,54,2765,2711,1474,0
23,54,54,2765,317,2547,0
23,55,54,2765,2637,242,0
23,56,54,2765,2044,2931,0
23,57,54,2765,1080,2422,0
24,0,2233,353,2812,845,0
24,1,2233,353,2042,234,0
24,2,2233,353,2800,282,0
24,3,2233,353,40,2973,0
24,4,2233,353,140,78,0
24,5,2233,353,1463,2768,0
24,6,2233,353,523,129,0
24,7,2233,353,1956,654,0
24,8,2233,353,956,2040,0
24,9,2233,353,284,2761,0
24,10,2233,353,1681,1649,0
24,11,2233,353,1817,953,0
24,12,2233,353,1934,1743,0
24,13,2233,353,2041,1113,0
24,14,2233,353,605,1516,0
24,15,2233,353,458,105,0
24,16,2233,353,1795,2078,0
24,17,2233,353,2223,395,0
24,18,2233,353,2197,2506,0
24,19,2233,353,150,1420,0
24,20,2233,353,2298,1173,0
24,21,2233,353,1634,454,0
24,22,2233,353,1229,1071,0
24,23,2233,353,54,2765,0
24,25,2233,353,157,1452,0
24,26,2233,353,410,2896,0
24,27,2233,353,1514,1286,0
24,28,2233,353,2006,508,0
24,29,2233,353,1020,1072,0
24,30,2233,353,611,2829,0
24,31,2233,353,834,2657,0
24,32,2233,353,754,625,0
24,33,2233,353,697,519,0
24,34,2233,353,2188,777,0
24,35,2233,353,688,252,0
24,36,2233,353,275,1965,0
24,37,2233,353,290,1241,0
24,38,2233,353,14,75,0
24,39,2233,353,1986,1861,0
24,40,2233,353,2717,1593,0
24,41,2233,353,2743,2657,0
24,42,2233,353,1993,2735,0
24,43,2233,353,609,2077,0
24,44,2233,353,553,2914,0
24,45,2233,353,2603,2690,0
24,46,2233,353,1335,2514,0
24,47,2233,353,599,2406,0
24,48,2233,353,954,1257,0
24,49,2233,353,892,1644,0
24,50,2233,353,2857,1750,0
24,51,2233,353,1194,2639,0
24,52,2233,353,2293,2419,0
24,53,2233,353,2711,1474,0
24,54,2233,353,317,2547,0
24,55,2233,353,2637,242,1
24,56,2233,353,2044,2931,0
24,57,2233,353,1080,2422,0
25,0,157,1452,2812,845,0
25,1,157,1452,2042,234,0
25,2,157,1452,2800,282,0
25,3,157,1452,40,2973,0
25,4,157,1452,140,78,0
25,5,157,1452,1463,2768,0
25,6,157,1452,523,129,0
25,7,157,1452,1956,654,0
25,8,157,1452,956,2040,0
25,9,157,1452,284,2761,0
25,10,157,1452,1681,1649,0
25,11,157,1452,1817,953,0
25,12,157,1452,1934,1743,0
25,13,157,1452,2041,1113,0
25,14,157,1452,605,1516,0
25,15,157,1452,458,105,0
25,16,157,1452,1795,2078,0
25,17,157,1452,2223,395,0
25,18,157,1452,2197,2506,0
25,19,157,1452,150,1420,1
25,20,157,1452,2298,1173,0
25,21,157,1452,1634,454,0
25,22,157,1452,1229,1071,0
25,23,157,1452,54,2765,0
25,24,157,1452,2233,353,0
25,26,157,1452,410,2896,0
25,27,157,1452,1514,1286,0
25,28,157,1452,2006,508,0
25,29,157,1452,1020,1072,0
25,30,157,1452,611,2829,0
25,31,157,1452,834,2657,0
25,32,157,1452,754,625,0
25,33,157,1452,697,519,0
25,34,157,1452,2188,777,0
25,35,157,1452,688,252,0
25,36,157,1452,275,1965,0
25,37,157,1452,290,1241,0
25,38,157,1452,14,75,0
25,39,157,1452,1986,1861,0
25,40,157,1452,2717,1593,0
25,41,157,1452,2743,2657,0
25,42,157,1452,1993,2735,0
25,43,157,1452,609,2077,0
25,44,157,1452,553,2914,0
25,45,157,1452,2603,2690,0
25,46,157,1452,1335,2514,0
25,47,157,1452,599,2406,0
25,48,157,1452,954,1257,0
25,49,157,1452,892,1644,0
25,50,157,1452,2857,1750,0
25,51,157,1452,1194,2639,0
25,52,157,1452,2293,2419,0
25,53,157,1452,2711,1474,0
25,54,157,1452,317,2547,0
25,55,157,1452,2637,242,0
25,56,157,1452,2044,2931,0
25,57,157,1452,1080,2422,0
26,0,410,2896,2812,845,0
26,1,410,2896,2042,234,0
26,2,410,2896,2800,282,0
26,3,410,2896,40,2973,1
26,4,410,2896,140,78,0
26,5,410,2896,1463,2768,0
26,6,410,2896,523,129,0
26,7,410,2896,1956,654,0
26,8,410,2896,956,2040,0
26,9,410,2896,284,2761,0
26,10,410,2896,1681,1649,0
26,11,410,2896,1817,953,0
26,12,410,2896,1934,1743,0
26,13,410,2896,2041,1113,0
26,14,410,2896,605,1516,0
26,15,410,2896,458,105,0
26,16,410,2896,1795,2078,0
26,17,410,2896,2223,395,0
26,18,410,2896,2197,2506,0
26,19,410,2896,150,1420,0
26,20,410,2896,2298,1173,0
26,21,410,2896,1634,454,0
26,22,410,2896,1229,1071,0
26,23,410,2896,54,2765,0
26,24,410,2896,2233,353,0
26,25,410,2896,157,1452,0
26,27,410,2896,1514,1286,0
26,28,410,2896,2006,508,0
26,29,410,2896,1020,1072,0
26,30,410,2896,611,2829,0
26,31,410,2896,834,2657,0
26,32,410,2896,754,625,0
26,33,410,2896,697,519,0
26,34,410,2896,2188,777,0
26,35,410,2896,688,252,0
26,36,410,2896,275,1965,0
26,37,410,2896,290,1241,0
26,38,410,2896,14,75,0
26,39,410,2896,1986,1861,0
26,40,410,2896,2717,1593,0
26,41,410,2896,2743,2657,0
26,42,410,2896,1993,2735,0
26,43,410,2896,609,2077,0
26,44,410,2896,553,2914,0
26,45,410,2896,2603,2690,0
26,46,410,2896,1335,2514,0
26,47,410,2896,599,2406,0
26,48,410,2896,954,1257,0
26,49,410,2896,892,1644,0
26,50,410,2896,2857,1750,0
26,51,410,2896,1194,2639,0
26,52,410,2896,2293,2419,0
26,53,410,2896,2711,1474,0
26,54,410,2896,317,2547,0
26,55,410,2896,2637,242,0
26,56,410,2896,2044,2931,0
26,57,410,2896,1080,2422,0
27,0,1514,1286,2812,845,0
27,1,1514,1286,2042,234,0
27,2,1514,1286,2800,282,0
27,3,1514,1286,40,2973,0
27,4,1514,1286,140,78,0
27,5,1514,1286,1463,2768,0
27,6,1514,1286,523,129,0
27,7,1514,1286,1956,654,0
27,8,1514,1286,956,2040,0
27,9,1514,1286,284,2761,0
27,10,1514,1286,1681,1649,1
27,11,1514,1286,1817,953,0
27,12,1514,1286,1934,1743,0
27,13,1514,1286,2041,1113,0
27,14,1514,1286,605,1516,0
27,15,1514,1286,458,105,0
27,16,1514,1286,1795,2078,0
27,17,1514,1286,2223,395,0
27,18,1514,1286,2197,2506,0
27,19,1514,1286,150,1420,0
27,20,1514,1286,2298,1173,0
27,21,1514,1286,1634,454,0
27,22,1514,1286,1229,1071,0
27,23,1514,1286,54,2765,0
27,24,1514,1286,2233,353,0
27,25,1514,1286,157,1452,0
27,26,1514,1286,410,2896,0
27,28,1514,1286,2006,508,0
27,29,1514,1286,1020,1072,0
27,30,1514,1286,611,2829,0
27,31,1514,1286,834,2657,0
27,32,1514,1286,754,625,0
27,33,1514,1286,697,519,0
27,34,1514,1286,2188,777,0
27,35,1514,1286,688,252,0
27,36,1514,1286,275,1965,0
27,37,1514,1286,290,1241,0
27,38,1514,1286,14,75,0
27,39,1514,1286,1986,1861,0
27,40,1514,1286,2717,1593,0
27,41,1514,1286,2743,2657,0
27,42,1514,1286,1993,2735,0
27,43,1514,1286,609,2077,0
27,44,1514,1286,553,2914,0
27,45,1514,1286,2603,2690,0
27,46,1514,1286,1335,2514,0
27,47,1514,1286,599,2406,0
27,48,1514,1286,954,1257,0
27,49,1514,1286,892,1644,0
27,50,1514,1286,2857,1750,0
27,51,1514,1286,1194,2639,0
27,52,1514,1286,2293,2419,0
27,53,1514,1286,2711,1474,0
27,54,1514,1286,317,2547,0
27,55,1514,1286,2637,242,0
27,56,1514,1286,2044,2931,0
27,57,1514,1286,1080,2422,0
28,0,2006,508,2812,845,0
28,1,2006,508,2042,234,0
28,2,2006,508,2800,282,0
28,3,2006,508,40,2973,0
28,4,2006,508,140,78,0
28,5,2006,508,1463,2768,0
28,6,2006,508,523,129,0
28,7,2006,508,1956,654,0
28,8,2006,508,956,2040,0
28,9,2006,508,284,2761,0
28,10,2006,508,1681,1649,0
28,11,2006,508,1817,953,0
28,12,2006,508,1934,1743,0
28,13,2006,508,2041,1113,0
28,14,2006,508,605,1516,0
28,15,2006,508,458,105,0
28,16,2006,508,1795,2078,0
28,17,2006,508,2223,395,0
28,18,2006,508,2197,2506,0
28,19,2006,508,150,1420,0
28,20,2006,508,2298,1173,0
28,21,2006,508,1634,454,1
28,22,2006,508,1229,1071,0
28,23,2006,508,54,2765,0
28,24,2006,508,2233,353,0
28,25,2006,508,157,1452,0
28,26,2006,508,410,2896,0
28,27,2006,508,1514,1286,0
28,29,2006,508,1020,1072,0
28,30,2006,508,611,2829,0
28,31,2006,508,834,2657,0
28,32,2006,508,754,625,0
28,33,2006,508,697,519,0
28,34,2006,508,2188,777,0
28,35,2006,508,688,252,0
28,36,2006,508,275,1965,0
28,37,2006,508,290,1241,0
28,38,2006,508,14,75,0
28,39,2006,508,1986,1861,0
28,40,2006,508,2717,1593,0
28,41,2006,508,2743,2657,0
28,42,2006,508,1993,2735,0
28,43,2006,508,609,2077,0
28,44,2006,508,553,2914,0
28,45,2006,508,2603,2690,0
28,46,2006,508,1335,2514,0
28,47,2006,508,599,2406,0
28,48,2006,508,954,1257,0
28,49,2006,508,892,1644,0
28,50,2006,508,2857,1750,0
28,51,2006,508,1194,2639,0
28,52,2006,508,2293,2419,0
28,53,2006,508,2711,1474,0
28,54,2006,508,317,2547,0
28,55,2006,508,2637,242,0
28,56,2006,508,2044,2931,0
28,57,2006,508,1080,2422,0
29,0,1020,1072,2812,845,0
29,1,1020,1072,2042,234,0
29,2,1020,1072,2800,282,0
29,3,1020,1072,40,2973,0
29,4,1020,1072,140,78,0
29,5,1020,1072,1463,2768,0
29,6,1020,1072,523,129,0
29,7,1020,1072,1956,654,0
29,8,1020,1072,956,2040,0
29,9,1020,1072,284,2761,0
29,10,1020,1072,1681,1649,0
29,11,1020,1072,1817,953,0
29,12,1020,1072,1934,1743,0
29,13,1020,1072,2041,1113,0
29,14,1020,1072,605,1516,0
29,15,1020,1072,458,105,0
29,16,1020,1072,1795,2078,0
29,17,1020,1072,2223,395,0
29,18,1020,1072,2197,2506,0
29,19,1020,1072,150,1420,0
29,20,1020,1072,2298,1173,0
29,21,1020,1072,1634,454,0
29,22,1020,1072,1229,1071,0
29,23,1020,1072,54,2765,0
29,24,1020,1072,2233,353,0
29,25,1020,1072,157,1452,0
29,26,1020,1072,410,2896,0
29,27,1020,1072,1514,1286,0
29,28,1020,1072,2006,508,0
29,30,1020,1072,611,2829,0
29,31,1020,1072,834,2657,0
29,32,1020,1072,754,625,0
29,33,1020,1072,697,519,0
29,34,1020,1072,2188,777,0
29,35,1020,1072,688,252,0
29,36,1020,1072,275,1965,0
29,37,1020,1072,290,1241,0
29,38,1020,1072,14,75,0
29,39,1020,1072,1986,1861,0
29,40,1020,1072,2717,1593,0
29,41,1020,1072,2743,2657,0
29,42,1020,1072,1993,2735,0
29,43,1020,1072,609,2077,0
29,44,1020,1072,553,2914,0
29,45,1020,1072,2603,2690,0
29,46,1020,1072,1335,2514,0
29,47,1020,1072,599,2406,0
29,48,1020,1072,954,1257,1
29,49,1020,1072,892,1644,0
29,50,1020,1072,2857,1750,0
29,51,1020,1072,1194,2639,0
29,52,1020,1072,2293,2419,0
29,53,1020,1072,2711,1474,0
29,54,1020,1072,317,2547,0
29,55,1020,1072,2637,242,0
29,56,1020,1072,2044,2931,0
29,57,1020,1072,1080,2422,0
30,0,611,2829,2812,845,0
30,1,611,2829,2042,234,0
30,2,611,2829,2800,282,0
30,3,611,2829,40,2973,0
30,4,611,2829,140,78,0
30,5,611,2829,1463,2768,0
30,6,611,2829,523,129,0
30,7,611,2829,1956,654,0
30,8,611,2829,956,2040,0
30,9,611,2829,284,2761,0
30,10,611,2829,1681,1649,0
30,11,611,2829,1817,953,0
30,12,611,2829,1934,1743,0
30,13,611,2829,2041,1113,0
30,14,611,2829,605,1516,0
30,15,611,2829,458,105,0
30,16,611,2829,1795,2078,0
30,17,611,2829,2223,395,0
30,18,611,2829,2197,2506,0
30,19,611,2829,150,1420,0
30,20,611,2829,2298,1173,0
30,21,611,2829,1634,454,0
30,22,611,2829,1229,1071,0
30,23,611,2829,54,2765,0
30,24,611,2829,2233,353,0
30,25,611,2829,157,1452,0
30,26,611,2829,410,2896,0
30,27,611,2829,1514,1286,0
30,28,611,2829,2006,508,0
30,29,611,2829,1020,1072,0
30,31,611,2829,834,2657,0
30,32,611,2829,754,625,0
30,33,611,2829,697,519,0
30,34,611,2829,2188,777,0
30,35,611,2829,688,252,0
30,36,611,2829,275,1965,0
30,37,611,2829,290,1241,0
30,38,611,2829,14,75,0
30,39,611,2829,1986,1861,0
30,40,611,2829,2717,1593,0
30,41,611,2829,2743,2657,0
30,42,611,2829,1993,2735,0
30,43,611,2829,609,2077,0
30,44,611,2829,553,2914,1
30,45,611,2829,2603,2690,0
30,46,611,2829,1335,2514,0
30,47,611,2829,599,2406,0
30,48,611,2829,954,1257,0
30,49,611,2829,892,1644,0
30,50,611,2829,2857,1750,0
30,51,611,2829,1194,2639,0
30,52,611,2829,2293,2419,0
30,53,611,2829,2711,1474,0
30,54,611,2829,317,2547,0
30,55,611,2829,2637,242,0
30,56,611,2829,2044,2931,0
30,57,611,2829,1080,2422,0
31,0,834,2657,2812,845,0
31,1,834,2657,2042,234,0
31,2,834,2657,2800,282,0
31,3,834,2657,40,2973,0
31,4,834,2657,140,78,0
31,5,834,2657,1463,2768,0
31,6,834,2657,523,129,0
31,7,834,2657,1956,654,0
31,8,834,2657,956,2040,0
31,9,834,2657,284,2761,0
31,10,834,2657,1681,1649,0
31,11,834,2657,1817,953,0
31,12,834,2657,1934,1743,0
31,13,834,2657,2041,1113,0
31,14,834,2657,605,1516,0
31,15,834,2657,458,105,0
31,16,834,2657,1795,2078,0
31,17,834,2657,2223,395,0
31,18,834,2657,2197,2506,0
31,19,834,2657,150,1420,0
31,20,834,2657,2298,1173,0
31,21,834,2657,1634,454,0
31,22,834,2657,1229,1071,0
31,23,834,2657,54,2765,0
31,24,834,2657,2233,353,0
31,25,834,2657,157,1452,0
31,26,834,2657,410,2896,0
31,27,834,2657,1514,1286,0
31,28,834,2657,2006,508,0
31,29,834,2657,1020,1072,0
31,30,834,2657,611,2829,1
31,32,834,2657,754,625,0
31,33,834,2657,697,519,0
31,34,834,2657,2188,777,0
31,35,834,2657,688,252,0
31,36,834,2657,275,1965,0
31,37,834,2657,290,1241,0
31,38,834,2657,14,75,0
31,39,834,2657,1986,1861,0
31,40,834,2657,2717,1593,0
31,41,834,2657,2743,2657,0
31,42,834,2657,1993,2735,0
31,43,834,2657,609,2077,0
31,44,834,2657,553,2914,0
31,45,834,2657,2603,2690,0
31,46,834,2657,1335,2514,0
31,47,834,2657,599,2406,0
31,48,834,2657,954,1257,0
31,49,834,2657,892,1644,0
31,50,834,2657,2857,1750,0
31,51,834,2657,1194,2639,0
31,52,834,2657,2293,2419,0
31,53,834,2657,2711,1474,0
31,54,834,2657,317,2547,0
31,55,834,2657,2637,242,0
31,56,834,2657,2044,2931,0
31,57,834,2657,1080,2422,0
32,0,754,625,2812,845,0
32,1,754,625,2042,234,0
32,2,754,625,2800,282,0
32,3,754,625,40,2973,0
32,4,754,625,140,78,0
32,5,754,625,1463,2768,0
32,6,754,625,523,129,0
32,7,754,625,1956,654,0
32,8,754,625,956,2040,0
32,9,754,625,284,2761,0
32,10,754,625,1681,1649,0
32,11,754,625,1817,953,0
32,12,754,625,1934,1743,0
32,13,754,625,2041,1113,0
32,14,754,625,605,1516,0
32,15,754,625,458,105,0
32,16,754,625,1795,2078,0
32,17,754,625,2223,395,0
32,18,754,625,2197,2506,0
32,19,754,625,150,1420,0
32,20,754,625,2298,1173,0
32,21,754,625,1634,454,0
32,22,754,625,1229,1071,0
32,23,754,625,54,2765,0
32,24,754,625,2233,353,0
32,25,754,625,157,1452,0
32,26,754,625,410,2896,0
32,27,754,625,1514,1286,0
32,28,754,625,2006,508,0
32,29,754,625,1020,1072,1
32,30,754,625,611,2829,0
32,31,754,625,834,2657,0
32,33,754,625,697,519,0
32,34,754,625,2188,777,0
32,35,754,625,688,252,0
32,36,754,625,275,1965,0
32,37,754,625,290,1241,0
32,38,754,625,14,75,0
32,39,754,625,1986,1861,0
32,40,754,625,2717,1593,0
32,41,754,625,2743,2657,0
32,42,754,625,1993,2735,0
32,43,754,625,609,2077,0
32,44,754,625,553,2914,0
32,45,754,625,2603,2690,0
32,46,754,625,1335,2514,0
32,47,754,625,599,2406,0
32,48,754,625,954,1257,0
32,49,754,625,892,1644,0
32,50,754,625,2857,1750,0
32,51,754,625,1194,2639,0
32,52,754,625,2293,2419,0
32,53,754,625,2711,1474,0
32,54,754,625,317,2547,0
32,55,754,625,2637,242,0
32,56,754,625,2044,2931,0
32,57,754,625,1080,2422,0
33,0,697,519,2812,845,0
33,1,697,519,2042,234,0
33,2,697,519,2800,282,0
33,3,697,519,40,2973,0
33,4,697,519,140,78,0
33,5,697,519,1463,2768,0
33,6,697,519,523,129,0
33,7,697,519,1956,654,0
33,8,697,519,956,2040,0
33,9,697,519,284,2761,0
33,10,697,519,1681,1649,0
33,11,697,519,1817,953,0
33,12,697,519,1934,1743,0
33,13,697,519,2041,1113,0
33,14,697,519,605,1516,0
33,15,697,519,458,105,0
33,16,697,519,1795,2078,0
33,17,697,519,2223,395,0
33,18,697,519,2197,2506,0
33,19,697,519,150,1420,0
33,20,697,519,2298,1173,0
33,21,697,519,1634,454,0
33,22,697,519,1229,1071,0
33,23,697,519,54,2765,0
33,24,697,519,2233,353,0
33,25,697,519,157,1452,0
33,26,697,519,410,2896,0
33,27,697,519,1514,1286,0
33,28,697,519,2006,508,0
33,29,697,519,1020,1072,0
33,30,697,519,611,2829,0
33,31,697,519,834,2657,0
33,32,697,519,754,625,1
33,34,697,519,2188,777,0
33,35,697,519,688,252,0
33,36,697,519,275,1965,0
33,37,697,519,290,1241,0
33,38,697,519,14,75,0
33,39,697,519,1986,1861,0
33,40,697,519,2717,1593,0
33,41,697,519,2743,2657,0
33,42,697,519,1993,2735,0
33,43,697,519,609,2077,0
33,44,697,519,553,2914,0
33,45,697,519,2603,2690,0
33,46,697,519,1335,2514,0
33,47,697,519,599,2406,0
33,48,697,519,954,1257,0
33,49,697,519,892,1644,0
33,50,697,519,2857,1750,0
33,51,697,519,1194,2639,0
33,52,697,519,2293,2419,0
33,53,697,519,2711,1474,0
33,54,697,519,317,2547,0
33,55,697,519,2637,242,0
33,56,697,519,2044,2931,0
33,57,697,519,1080,2422,0
34,0,2188,777,2812,845,0
34,1,2188,777,2042,234,0
34,2,2188,777,2800,282,0
34,3,2188,777,40,2973,0
34,4,2188,777,140,78,0
34,5,2188,777,1463,2768,0
34,6,2188,777,523,129,0
34,7,2188,777,1956,654,1
34,8,2188,777,956,2040,0
34,9,2188,777,284,2761,0
34,10,2188,777,1681,1649,0
34,11,2188,777,1817,953,0
34,12,2188,777,1934,1743,0
34,13,2188,777,2041,1113,0
34,14,2188,777,605,1516,0
34,15,2188,777,458,105,0
34,16,2188,777,1795,2078,0
34,17,2188,777,2223,395,0
34,18,2188,777,2197,2506,0
34,19,2188,777,150,1420,0
34,20,2188,777,2298,1173,0
34,21,2188,777,1634,454,0
34,22,2188,777,1229,1071,0
34,23,2188,777,54,2765,0
34,24,2188,777,2233,353,0
34,25,2188,777,157,1452,0
34,26,2188,777,410,2896,0
34,27,2188,777,1514,1286,0
34,28,2188,777,2006,508,0
34,29,2188,777,1020,1072,0
34,30,2188,777,611,2829,0
34,31,2188,777,834,2657,0
34,32,2188,777,754,625,0
34,33,2188,777,697,519,0
34,35,2188,777,688,252,0
34,36,2188,777,275,1965,0
34,37,2188,777,290,1241,0
34,38,2188,777,14,75,0
34,39,2188,777,1986,1861,0
34,40,2188,777,2717,1593,0
34,41,2188,777,2743,2657,0
34,42,2188,777,1993,2735,0
34,43,2188,777,609,2077,0
34,44,2188,777,553,2914,0
34,45,2188,777,2603,2690,0
34,46,2188,777,1335,2514,0
34,47,2188,777,599,2406,0
34,48,2188,777,954,1257,0
34,49,2188,777,892,1644,0
34,50,2188,777,2857,1750,0
34,51,2188,777,1194,2639,0
34,52,2188,777,2293,2419,0
34,53,2188,777,2711,1474,0
34,54,2188,777,317,2547,0
34,55,2188,777,2637,242,0
34,56,2188,777,2044,2931,0
34,57,2188,777,1080,2422,0
35,0,688,252,2812,845,0
35,1,688,252,2042,234,0
35,2,688,252,2800,282,0
35,3,688,252,40,2973,0
35,4,688,252,140,78,0
35,5,688,252,1463,2768,0
35,6,688,252,523,129,0
35,7,688,252,1956,654,0
35,8,688,252,956,2040,0
35,9,688,252,284,2761,0
35,10,688,252,1681,1649,0
35,11,688,252,1817,953,0
35,12,688,252,1934,1743,0
35,13,688,252,2041,1113,0
35,14,688,252,605,1516,0
35,15,688,252,458,105,0
35,16,688,252,1795,2078,0
35,17,688,252,2223,395,0
35,18,688,252,2197,2506,0
35,19,688,252,150,1420,0
35,20,688,252,2298,1173,0
35,21,688,252,1634,454,0
35,22,688,252,1229,1071,0
35,23,688,252,54,2765,0
35,24,688,252,2233,353,0
35,25,688,252,157,1452,0
35,26,688,252,410,2896,0
35,27,688,252,1514,1286,0
35,28,688,252,2006,508,0
35,29,688,252,1020,1072,0
35,30,688,252,611,2829,0
35,31,688,252,834,2657,0
35,32,688,252,754,625,0
35,33,688,252,697,519,1
35,34,688,252,2188,777,0
35,36,688,252,275,1965,0
35,37,688,252,290,1241,0
35,38,688,252,14,75,0
35,39,688,252,1986,1861,0
35,40,688,252,2717,1593,0
35,41,688,252,2743,2657,0
35,42,688,252,1993,2735,0
35,43,688,252,609,2077,0
35,44,688,252,553,2914,0
35,45,688,252,2603,2690,0
35,46,688,252,1335,2514,0
35,47,688,252,599,2406,0
35,48,688,252,954,1257,0
35,49,688,252,892,1644,0
35,50,688,252,2857,1750,0
35,51,688,252,1194,2639,0
35,52,688,252,2293,2419,0
35,53,688,252,2711,1474,0
35,54,688,252,317,2547,0
35,55,688,252,2637,242,0
35,56,688,252,2044,2931,0
35,57,688,252,1080,2422,0
36,0,275,1965,2812,845,0
36,1,275,1965,2042,234,0
36,2,275,1965,2800,282,0
36,3,275,1965,40,2973,0
36,4,275,1965,140,78,0
36,5,275,1965,1463,2768,0
36,6,275,1965,523,129,0
36,7,275,1965,1956,654,0
36,8,275,1965,956,2040,0
36,9,275,1965,284,2761,0
36,10,275,1965,1681,1649,0
36,11,275,1965,1817,953,0
36,12,275,1965,1934,1743,0
36,13,275,1965,2041,1113,0
36,14,275,1965,605,1516,0
36,15,275,1965,458,105,0
36,16,275,1965,1795,2078,0
36,17,275,1965,2223,395,0
36,18,275,1965,2197,2506,0
36,19,275,1965,150,1420,0
36,20,275,1965,2298,1173,0
36,21,275,1965,1634,454,0
36,22,275,1965,1229,1071,0
36,23,275,1965,54,2765,0
36,24,275,1965,2233,353,0
36,25,275,1965,157,1452,0
36,26,275,1965,410,2896,0
36,27,275,1965,1514,1286,0
36,28,275,1965,2006,508,0
36,29,275,1965,1020,1072,0
36,30,275,1965,611,2829,0
36,31,275,1965,834,2657,0
36,32,275,1965,754,625,0
36,33,275,1965,697,519,0
36,34,275,1965,2188,777,0
36,35,275,1965,688,252,0
36,37,275,1965,290,1241,0
36,38,275,1965,14,75,0
36,39,275,1965,1986,1861,0
36,40,275,1965,2717,1593,0
36,41,275,1965,2743,2657,0
36,42,275,1965,1993,2735,0
36,43,275,1965,609,2077,1
36,44,275,1965,553,2914,0
36,45,275,1965,2603,2690,0
36,46,275,1965,1335,2514,0
36,47,275,1965,599,2406,0
36,48,275,1965,954,1257,0
36,49,275,1965,892,1644,0
36,50,275,1965,2857,1750,0
36,51,275,1965,1194,2639,0
36,52,275,1965,2293,2419,0
36,53,275,1965,2711,1474,0
36,54,275,1965,317,2547,0
36,55,275,1965,2637,242,0
36,56,275,1965,2044,2931,0
36,57,275,1965,1080,2422,0
37,0,290,1241,2812,845,0
37,1,290,1241,2042,234,0
37,2,290,1241,2800,282,0
37,3,290,1241,40,2973,0
37,4,290,1241,140,78,0
37,5,290,1241,1463,2768,0
37,6,290,1241,523,129,0
37,7,290,1241,1956,654,0
37,8,290,1241,956,2040,0
37,9,290,1241,284,2761,0
37,10,290,1241,1681,1649,0
37,11,290,1241,1817,953,0
37,12,290,1241,1934,1743,0
37,13,290,1241,2041,1113,0
37,14,290,1241,605,1516,0
37,15,290,1241,458,105,0
37,16,290,1241,1795,2078,0
37,17,290,1241,2223,395,0
37,18,290,1241,2197,2506,0
37,19,290,1241,150,1420,0
37,20,290,1241,2298,1173,0
37,21,290,1241,1634,454,0
37,22,290,1241,1229,1071,0
37,23,290,1241,54,2765,0
37,24,290,1241,2233,353,0
37,25,290,1241,157,1452,0
37,26,290,1241,410,2896,0
37,27,290,1241,1514,1286,0
37,28,290,1241,2006,508,0
37,29,290,1241,1020,1072,0
37,30,290,1241,611,2829,0
37,31,290,1241,834,2657,0
37,32,290,1241,754,625,0
37,33,290,1241,697,519,0
37,34,290,1241,2188,777,0
37,35,290,1241,688,252,0
37,36,290,1241,275,1965,0
37,38,290,1241,14,75,1
37,39,290,1241,1986,1861,0
37,40,290,1241,2717,1593,0
37,41,290,1241,2743,2657,0
37,42,290,1241,1993,2735,0
37,43,290,1241,609,2077,0
37,44,290,1241,553,2914,0
37,45,290,1241,2603,2690,0
37,46,290,1241,1335,2514,0
37,47,290,1241,599,2406,0
37,48,290,1241,954,1257,0
37,49,290,1241,892,1644,0
37,50,290,1241,2857,1750,0
37,51,290,1241,1194,2639,0
37,52,290,1241,2293,2419,0
37,53,290,1241,2711,1474,0
37,54,290,1241,317,2547,0
37,55,290,1241,2637,242,0
37,56,290,1241,2044,2931,0
37,57,290,1241,1080,2422,0
38,0,14,75,2812,845,0
38,1,14,75,2042,234,0
38,2,14,75,2800,282,0
38,3,14,75,40,2973,0
38,4,14,75,140,78,1
38,5,14,75,1463,2768,0
38,6,14,75,523,129,0
38,7,14,75,1956,654,0
38,8,14,75,956,2040,0
38,9,14,75,284,2761,0
38,10,14,75,1681,1649,0
38,11,14,75,1817,953,0
38,12,14,75,1934,1743,0
38,13,14,75,2041,1113,0
38,14,14,75,605,1516,0
38,15,14,75,458,105,0
38,16,14,75,1795,2078,0
38,17,14,75,2223,395,0
38,18,14,75,2197,2506,0
38,19,14,75,150,1420,0
38,20,14,75,2298,1173,0
38,21,14,75,1634,454,0
38,22,14,75,1229,1071,0
38,23,14,75,54,2765,0
38,24,14,75,2233,353,0
38,25,14,75,157,1452,0
38,26,14,75,410,2896,0
38,27,14,75,1514,1286,0
38,28,14,75,2006,508,0
38,29,14,75,1020,1072,0
38,30,14,75,611,2829,0
38,31,14,75,834,2657,0
38,32,14,75,754,625,0
38,33,14,75,697,519,0
38,34,14,75,2188,777,0
38,35,14,75,688,252,0
38,36,14,75,275,1965,0
38,37,14,75,290,1241,0
38,39,14,75,1986,1861,0
38,40,14,75,2717,1593,0
38,41,14,75,2743,2657,0
38,42,14,75,1993,2735,0
38,43,14,75,609,2077,0
38,44,14,75,553,2914,0
38,45,14,75,2603,2690,0
38,46,14,75,1335,2514,0
38,47,14,75,599,2406,0
38,48,14,75,954,1257,0
38,49,14,75,892,1644,0
38,50,14,75,2857,1750,0
38,51,14,75,1194,2639,0
38,52,14,75,2293,2419,0
38,53,14,75,2711,1474,0
38,54,14,75,317,2547,0
38,55,14,75,2637,242,0
38,56,14,75,2044,2931,0
38,57,14,75,1080,2422,0
39,0,1986,1861,2812,845,0
39,1,1986,1861,2042,234,0
39,2,1986,1861,2800,282,0
39,3,1986,1861,40,2973,0
39,4,1986,1861,140,78,0
39,5,1986,1861,1463,2768,0
39,6,1986,1861,523,129,0
39,7,1986,1861,1956,654,0
39,8,1986,1861,956,2040,0
39,9,1986,1861,284,2761,0
39,10,1986,1861,1681,1649,0
39,11,1986,1861,1817,953,0
39,12,1986,1861,1934,1743,1
39,13,1986,1861,2041,1113,0
39,14,1986,1861,605,1516,0
39,15,1986,1861,458,105,0
39,16,1986,1861,1795,2078,0
39,17,1986,1861,2223,395,0
39,18,1986,1861,2197,2506,0
39,19,1986,1861,150,1420,0
39,20,1986,1861,2298,1173,0
39,21,1986,1861,1634,454,0
39,22,1986,1861,1229,1071,0
39,23,1986,1861,54,2765,0
39,24,1986,1861,2233,353,0
39,25,1986,1861,157,1452,0
39,26,1986,1861,410,2896,0
39,27,1986,1861,1514,1286,0
39,28,1986,1861,2006,508,0
39,29,1986,1861,1020,1072,0
39,30,1986,1861,611,2829,0
39,31,1986,1861,834,2657,0
39,32,1986,1861,754,625,0
39,33,1986,1861,697,519,0
39,34,1986,1861,2188,777,0
39,35,1986,1861,688,252,0
39,36,1986,1861,275,1965,0
39,37,1986,1861,290,1241,0
39,38,1986,1861,14,75,0
39,40,1986,1861,2717,1593,0
39,41,1986,1861,2743,2657,0
39,42,1986,1861,1993,2735,0
39,43,1986,1861,609,2077,0
39,44,1986,1861,553,2914,0
39,45,1986,1861,2603,2690,0
39,46,1986,1861,1335,2514,0
39,47,1986,1861,599,2406,0
39,48,1986,1861,954,1257,0
39,49,1986,1861,892,1644,0
39,50,1986,1861,2857,1750,0
39,51,1986,1861,1194,2639,0
39,52,1986,1861,2293,2419,0
39,53,1986,1861,2711,1474,0
39,54,1986,1861,317,2547,0
39,55,1986,1861,2637,242,0
39,56,1986,1861,2044,2931,0
39,57,1986,1861,1080,2422,0
40,0,2717,1593,2812,845,0
40,1,2717,1593,2042,234,0
40,2,2717,1593,2800,282,0
40,3,2717,1593,40,2973,0
40,4,2717,1593,140,78,0
40,5,2717,1593,1463,2768,0
40,6,2717,1593,523,129,0
40,7,2717,1593,1956,654,0
40,8,2717,1593,956,2040,0
40,9,2717,1593,284,2761,0
40,10,2717,1593,1681,1649,0
40,11,2717,1593,1817,953,0
40,12,2717,1593,1934,1743,0
40,13,2717,1593,2041,1113,0
40,14,2717,1593,605,1516,0
40,15,2717,1593,458,105,0
40,16,2717,1593,1795,2078,0
40,17,2717,1593,2223,395,0
40,18,2717,1593,2197,2506,0
40,19,2717,1593,150,1420,0
40,20,2717,1593,2298,1173,0
40,21,2717,1593,1634,454,0
40,22,2717,1593,1229,1071,0
40,23,2717,1593,54,2765,0
40,24,2717,1593,2233,353,0
40,25,2717,1593,157,1452,0
40,26,2717,1593,410,2896,0
40,27,2717,1593,1514,1286,0
40,28,2717,1593,2006,508,0
40,29,2717,1593,1020,1072,0
40,30,2717,1593,611,2829,0
40,31,2717,1593,834,2657,0
40,32,2717,1593,754,625,0
40,33,2717,1593,697,519,0
40,34,2717,1593,2188,777,0
40,35,2717,1593,688,252,0
40,36,2717,1593,275,1965,0
40,37,2717,1593,290,1241,0
40,38,2717,1593,14,75,0
40,39,2717,1593,1986,1861,0
40,41,2717,1593,2743,2657,0
40,42,2717,1593,1993,2735,0
40,43,2717,1593,609,2077,0
40,44,2717,1593,553,2914,0
40,45,2717,1593,2603,2690,0
40,46,2717,1593,1335,2514,0
40,47,2717,1593,599,2406,0
40,48,2717,1593,954,1257,0
40,49,2717,1593,892,1644,0
40,50,2717,1593,2857,1750,1
40,51,2717,1593,1194,2639,0
40,52,2717,1593,2293,2419,0
40,53,2717,1593,2711,1474,0
40,54,2717,1593,317,2547,0
40,55,2717,1593,2637,242,0
40,56,2717,1593,2044,2931,0
40,57,2717,1593,1080,2422,0
41,0,2743,2657,2812,845,0
41,1,2743,2657,2042,234,0
41,2,2743,2657,2800,282,0
41,3,2743,2657,40,2973,0
41,4,2743,2657,140,78,0
41,5,2743,2657,1463,2768,0
41,6,2743,2657,523,129,0
41,7,2743,2657,1956,654,0
41,8,2743,2657,956,2040,0
41,9,2743,2657,284,2761,0
41,10,2743,2657,1681,1649,0
41,11,2743,2657,1817,953,0
41,12,2743,2657,1934,1743,0
41,13,2743,2657,2041,1113,0
41,14,2743,2657,605,1516,0
41,15,2743,2657,458,105,0
41,16,2743,2657,1795,2078,0
41,17,2743,2657,2223,395,0
41,18,2743,2657,2197,2506,0
41,19,2743,2657,150,1420,0
41,20,2743,2657,2298,1173,0
41,21,2743,2657,1634,454,0
41,22,2743,2657,1229,1071,0
41,23,2743,2657,54,2765,0
41,24,2743,2657,2233,353,0
41,25,2743,2657,157,1452,0
41,26,2743,2657,410,2896,0
41,27,2743,2657,1514,1286,0
41,28,2743,2657,2006,508,0
41,29,2743,2657,1020,1072,0
41,30,2743,2657,611,2829,0
41,31,2743,2657,834,2657,0
41,32,2743,2657,754,625,0
41,33,2743,2657,697,519,0
41,34,2743,2657,2188,777,0
41,35,2743,2657,688,252,0
41,36,2743,2657,275,1965,0
41,37,2743,2657,290,1241,0
41,38,2743,2657,14,75,0
41,39,2743,2657,1986,1861,0
41,40,2743,2657,2717,1593,0
41,42,2743,2657,1993,2735,0
41,43,2743,2657,609,2077,0
41,44,2743,2657,553,2914,0
41,45,2743,2657,2603,2690,1
41,46,2743,2657,1335,2514,0
41,47,2743,2657,599,2406,0
41,48,2743,2657,954,1257,0
41,49,2743,2657,892,1644,0
41,50,2743,2657,2857,1750,0
41,51,2743,2657,1194,2639,0
41,52,2743,2657,2293,2419,0
41,53,2743,2657,2711,1474,0
41,54,2743,2657,317,2547,0
41,55,2743,2657,2637,242,0
41,56,2743,2657,2044,2931,0
41,57,2743,2657,1080,2422,0
42,0,1993,2735,2812,845,0
42,1,1993,2735,2042,234,0
42,2,1993,2735,2800,282,0
42,3,1993,2735,40,2973,0
42,4,1993,2735,140,78,0
42,5,1993,2735,1463,2768,0
42,6,1993,2735,523,129,0
42,7,1993,2735,1956,654,0
42,8,1993,2735,956,2040,0
42,9,1993,2735,284,2761,0
42,10,1993,2735,1681,1649,0
42,11,1993,2735,1817,953,0
42,12,1993,2735,1934,1743,0
42,13,1993,2735,2041,1113,0
42,14,1993,2735,605,1516,0
42,15,1993,2735,458,105,0
42,16,1993,2735,1795,2078,0
42,17,1993,2735,2223,395,0
42,18,1993,2735,2197,2506,0
42,19,1993,2735,150,1420,0
42,20,1993,2735,2298,1173,0
42,21,1993,2735,1634,454,0
42,22,1993,2735,1229,1071,0
42,23,1993,2735,54,2765,0
42,24,1993,2735,2233,353,0
42,25,1993,2735,157,1452,0
42,26,1993,2735,410,2896,0
42,27,1993,2735,1514,1286,0
42,28,1993,2735,2006,508,0
42,29,1993,2735,1020,1072,0
42,30,1993,2735,611,2829,0
42,31,1993,2735,834,2657,0
42,32,1993,2735,754,625,0
42,33,1993,2735,697,519,0
42,34,1993,2735,2188,777,0
42,35,1993,2735,688,252,0
42,36,1993,2735,275,1965,0
42,37,1993,2735,290,1241,0
42,38,1993,2735,14,75,0
42,39,1993,2735,1986,1861,0
42,40,1993,2735,2717,1593,0
42,41,1993,2735,2743,2657,0
42,43,1993,2735,609,2077,0
42,44,1993,2735,553,2914,0
42,45,1993,2735,2603,2690,0
42,46,1993,2735,1335,2514,0
42,47,1993,2735,599,2406,0
42,48,1993,2735,954,1257,0
42,49,1993,2735,892,1644,0
42,50,1993,2735,2857,1750,0
42,51,1993,2735,1194,2639,0
42,52,1993,2735,2293,2419,0
42,53,1993,2735,2711,1474,0
42,54,1993,2735,317,2547,0
42,55,1993,2735,2637,242,0
42,56,1993,2735,2044,2931,1
42,57,1993,2735,1080,2422,0
43,0,609,2077,2812,845,0
43,1,609,2077,2042,234,0
43,2,609,2077,2800,282,0
43,3,609,2077,40,2973,0
43,4,609,2077,140,78,0
43,5,609,2077,1463,2768,0
43,6,609,2077,523,129,0
43,7,609,2077,1956,654,0
43,8,609,2077,956,2040,1
43,9,609,2077,284,2761,0
43,10,609,2077,1681,1649,0
43,11,609,2077,1817,953,0
43,12,609,2077,1934,1743,0
43,13,609,2077,2041,1113,0
43,14,609,2077,605,1516,0
43,15,609,2077,458,105,0
43,16,609,2077,1795,2078,0
43,17,609,2077,2223,395,0
43,18,609,2077,2197,2506,0
43,19,609,2077,150,1420,0
43,20,609,2077,2298,1173,0
43,21,609,2077,1634,454,0
43,22,609,2077,1229,1071,0
43,23,609,2077,54,2765,0
43,24,609,2077,2233,353,0
43,25,609,2077,157,1452,0
43,26,609,2077,410,2896,0
43,27,609,2077,1514,1286,0
43,28,609,2077,2006,508,0
43,29,609,2077,1020,1072,0
43,30,609,2077,611,2829,0
43,31,609,2077,834,2657,0
43,32,609,2077,754,625,0
43,33,609,2077,697,519,0
43,34,609,2077,2188,777,0
43,35,609,2077,688,252,0
43,36,609,2077,275,1965,0
43,37,609,2077,290,1241,0
43,38,609,2077,14,75,0
43,39,609,2077,1986,1861,0
43,40,609,2077,2717,1593,0
43,41,609,2077,2743,2657,0
43,42,609,2077,1993,2735,0
43,44,609,2077,553,2914,0
43,45,609,2077,2603,2690,0
43,46,609,2077,1335,2514,0
43,47,609,2077,599,2406,0
43,48,609,2077,954,1257,0
43,49,609,2077,892,1644,0
43,50,609,2077,2857,1750,0
43,51,609,2077,1194,2639,0
43,52,609,2077,2293,2419,0
43,53,609,2077,2711,1474,0
43,54,609,2077,317,2547,0
43,55,609,2077,2637,242,0
43,56,609,2077,2044,2931,0
43,57,609,2077,1080,2422,0
44,0,553,2914,2812,845,0
44,1,553,2914,2042,234,0
44,2,553,2914,2800,282,0
44,3,553,2914,40,2973,0
44,4,553,2914,140,78,0
44,5,553,2914,1463,2768,0
44,6,553,2914,523,129,0
44,7,553,2914,1956,654,0
44,8,553,2914,956,2040,0
44,9,553,2914,284,2761,0
44,10,553,2914,1681,1649,0
44,11,553,2914,1817,953,0
44,12,553,2914,1934,1743,0
44,13,553,2914,2041,1113,0
44,14,553,2914,605,1516,0
44,15,553,2914,458,105,0
44,16,553,2914,1795,2078,0
44,17,553,2914,2223,395,0
44,18,553,2914,2197,2506,0
44,19,553,2914,150,1420,0
44,20,553,2914,2298,1173,0
44,21,553,2914,1634,454,0
44,22,553,2914,1229,1071,0
44,23,553,2914,54,2765,0
44,24,553,2914,2233,353,0
44,25,553,2914,157,1452,0
44,26,553,2914,410,2896,1
44,27,553,2914,1514,1286,0
44,28,553,2914,2006,508,0
44,29,553,2914,1020,1072,0
44,30,553,2914,611,2829,0
44,31,553,2914,834,2657,0
44,32,553,2914,754,625,0
44,33,553,2914,697,519,0
44,34,553,2914,2188,777,0
44,35,553,2914,688,252,0
44,36,553,2914,275,1965,0
44,37,553,2914,290,1241,0
44,38,553,2914,14,75,0
44,39,553,2914,1986,1861,0
44,40,553,2914,2717,1593,0
44,41,553,2914,2743,2657,0
44,42,553,2914,1993,2735,0
44,43,553,2914,609,2077,0
44,45,553,2914,2603,2690,0
44,46,553,2914,1335,2514,0
44,47,553,2914,599,2406,0
44,48,553,2914,954,1257,0
44,49,553,2914,892,1644,0
44,50,553,2914,2857,1750,0
44,51,553,2914,1194,2639,0
44,52,553,2914,2293,2419,0
44,53,553,2914,2711,1474,0
44,54,553,2914,317,2547,0
44,55,553,2914,2637,242,0
44,56,553,2914,2044,2931,0
44,57,553,2914,1080,2422,0
45,0,2603,2690,2812,845,0
45,1,2603,2690,2042,234,0
45,2,2603,2690,2800,282,0
45,3,2603,2690,40,2973,0
45,4,2603,2690,140,78,0
45,5,2603,2690,1463,2768,0
45,6,2603,2690,523,129,0
45,7,2603,2690,1956,654,0
45,8,2603,2690,956,2040,0
45,9,2603,2690,284,2761,0
45,10,2603,2690,1681,1649,0
45,11,2603,2690,1817,953,0
45,12,2603,2690,1934,1743,0
45,13,2603,2690,2041,1113,0
45,14,2603,2690,605,1516,0
45,15,2603,2690,458,105,0
45,16,2603,2690,1795,2078,0
45,17,2603,2690,2223,395,0
45,18,2603,2690,2197,2506,0
45,19,2603,2690,150,1420,0
45,20,2603,2690,2298,1173,0
45,21,2603,2690,1634,454,0
45,22,2603,2690,1229,1071,0
45,23,2603,2690,54,2765,0
45,24,2603,2690,2233,353,0
45,25,2603,2690,157,1452,0
45,26,2603,2690,410,2896,0
45,27,2603,2690,1514,1286,0
45,28,2603,2690,2006,508,0
45,29,2603,2690,1020,1072,0
45,30,2603,2690,611,2829,0
45,31,2603,2690,834,2657,0
45,32,2603,2690,754,625,0
45,33,2603,2690,697,519,0
45,34,2603,2690,2188,777,0
45,35,2603,2690,688,252,0
45,36,2603,2690,275,1965,0
45,37,2603,2690,290,1241,0
45,38,2603,2690,14,75,0
45,39,2603,2690,1986,1861,0
45,40,2603,2690,2717,1593,0
45,41,2603,2690,2743,2657,0
45,42,2603,2690,1993,2735,0
45,43,2603,2690,609,2077,0
45,44,2603,2690,553,2914,0
45,46,2603,2690,1335,2514,0
45,47,2603,2690,599,2406,0
45,48,2603,2690,954,1257,0
45,49,2603,2690,892,1644,0
45,50,2603,2690,2857,1750,0
45,51,2603,2690,1194,2639,0
45,52,2603,2690,2293,2419,1
45,53,2603,2690,2711,1474,0
45,54,2603,2690,317,2547,0
45,55,2603,2690,2637,242,0
45,56,2603,2690,2044,2931,0
45,57,2603,2690,1080,2422,0
46,0,1335,2514,2812,845,0
46,1,1335,2514,2042,234,0
46,2,1335,2514,2800,282,0
46,3,1335,2514,40,2973,0
46,4,1335,2514,140,78,0
46,5,1335,2514,1463,2768,0
46,6,1335,2514,523,129,0
46,7,1335,2514,1956,654,0
46,8,1335,2514,956,2040,0
46,9,1335,2514,284,2761,0
46,10,1335,2514,1681,1649,0
46,11,1335,2514,1817,953,0
46,12,1335,2514,1934,1743,0
46,13,1335,2514,2041,1113,0
46,14,1335,2514,605,1516,0
46,15,1335,2514,458,105,0
46,16,1335,2514,1795,2078,0
46,17,1335,2514,2223,395,0
46,18,1335,2514,2197,2506,0
46,19,1335,2514,150,1420,0
46,20,1335,2514,2298,1173,0
46,21,1335,2514,1634,454,0
46,22,1335,2514,1229,1071,0
46,23,1335,2514,54,2765,0
46,24,1335,2514,2233,353,0
46,25,1335,2514,157,1452,0
46,26,1335,2514,410,2896,0
46,27,1335,2514,1514,1286,0
46,28,1335,2514,2006,508,0
46,29,1335,2514,1020,1072,0
46,30,1335,2514,611,2829,0
46,31,1335,2514,834,2657,0
46,32,1335,2514,754,625,0
46,33,1335,2514,697,519,0
46,34,1335,2514,2188,777,0
46,35,1335,2514,688,252,0
46,36,1335,2514,275,1965,0
46,37,1335,2514,290,1241,0
46,38,1335,2514,14,75,0
46,39,1335,2514,1986,1861,0
46,40,1335,2514,2717,1593,0
46,41,1335,2514,2743,2657,0
46,42,1335,2514,1993,2735,0
46,43,1335,2514,609,2077,0
46,44,1335,2514,553,2914,0
46,45,1335,2514,2603,2690,0
46,47,1335,2514,599,2406,0
46,48,1335,2514,954,1257,0
46,49,1335,2514,892,1644,0
46,50,1335,2514,2857,1750,0
46,51,1335,2514,1194,2639,1
46,52,1335,2514,2293,2419,0
46,53,1335,2514,2711,1474,0
46,54,1335,2514,317,2547,0
46,55,1335,2514,2637,242,0
46,56,1335,2514,2044,2931,0
46,57,1335,2514,1080,2422,0
47,0,599,2406,2812,845,0
47,1,599,2406,2042,234,0
47,2,599,2406,2800,282,0
47,3,599,2406,40,2973,0
47,4,599,2406,140,78,0
47,5,599,2406,1463,2768,0
47,6,599,2406,523,129,0
47,7,599,2406,1956,654,0
47,8,599,2406,956,2040,0
47,9,599,2406,284,2761,0
47,10,599,2406,1681,1649,0
47,11,599,2406,1817,953,0
47,12,599,2406,1934,1743,0
47,13,599,2406,2041,1113,0
47,14,599,2406,605,1516,0
47,15,599,2406,458,105,0
47,16,599,2406,1795,2078,0
47,17,599,2406,2223,395,0
47,18,599,2406,2197,2506,0
47,19,599,2406,150,1420,0
47,20,599,2406,2298,1173,0
47,21,599,2406,1634,454,0
47,22,599,2406,1229,1071,0
47,23,599,2406,54,2765,0
47,24,599,2406,2233,353,0
47,25,599,2406,157,1452,0
47,26,599,2406,410,2896,0
47,27,599,2406,1514,1286,0
47,28,599,2406,2006,508,0
47,29,599,2406,1020,1072,0
47,30,599,2406,611,2829,0
47,31,599,2406,834,2657,0
47,32,599,2406,754,625,0
47,33,599,2406,697,519,0
47,34,599,2406,2188,777,0
47,35,599,2406,688,252,0
47,36,599,2406,275,1965,1
47,37,599,2406,290,1241,0
47,38,599,2406,14,75,0
47,39,599,2406,1986,1861,0
47,40,599,2406,2717,1593,0
47,41,599,2406,2743,2657,0
47,42,599,2406,1993,2735,0
47,43,599,2406,609,2077,0
47,44,599,2406,553,2914,0
47,45,599,2406,2603,2690,0
47,46,599,2406,1335,2514,0
47,48,599,2406,954,1257,0
47,49,599,2406,892,1644,0
47,50,599,2406,2857,1750,0
47,51,599,2406,1194,2639,0
47,52,599,2406,2293,2419,0
47,53,599,2406,2711,1474,0
47,54,599,2406,317,2547,0
47,55,599,2406,2637,242,0
47,56,599,2406,2044,2931,0
47,57,599,2406,1080,2422,0
48,0,954,1257,2812,845,0
48,1,954,1257,2042,234,0
48,2,954,1257,2800,282,0
48,3,954,1257,40,2973,0
48,4,954,1257,140,78,0
48,5,954,1257,1463,2768,0
48,6,954,1257,523,129,0
48,7,954,1257,1956,654,0
48,8,954,1257,956,2040,0
48,9,954,1257,284,2761,0
48,10,954,1257,1681,1649,0
48,11,954,1257,1817,953,0
48,12,954,1257,1934,1743,0
48,13,954,1257,2041,1113,0
48,14,954,1257,605,1516,0
48,15,954,1257,458,105,0
48,16,954,1257,1795,2078,0
48,17,954,1257,2223,395,0
48,18,954,1257,2197,2506,0
48,19,954,1257,150,1420,0
48,20,954,1257,2298,1173,0
48,21,954,1257,1634,454,0
48,22,954,1257,1229,1071,1
48,23,954,1257,54,2765,0
48,24,954,1257,2233,353,0
48,25,954,1257,157,1452,0
48,26,954,1257,410,2896,0
48,27,954,1257,1514,1286,0
48,28,954,1257,2006,508,0
48,29,954,1257,1020,1072,0
48,30,954,1257,611,2829,0
48,31,954,1257,834,2657,0
48,32,954,1257,754,625,0
48,33,954,1257,697,519,0
48,34,954,1257,2188,777,0
48,35,954,1257,688,252,0
48,36,954,1257,275,1965,0
48,37,954,1257,290,1241,0
48,38,954,1257,14,75,0
48,39,954,1257,1986,1861,0
48,40,954,1257,2717,1593,0
48,41,954,1257,2743,2657,0
48,42,954,1257,1993,2735,0
48,43,954,1257,609,2077,0
48,44,954,1257,553,2914,0
48,45,954,1257,2603,2690,0
48,46,954,1257,1335,2514,0
48,47,954,1257,599,2406,0
48,49,954,1257,892,1644,0
48,50,954,1257,2857,1750,0
48,51,954,1257,1194,2639,0
48,52,954,1257,2293,2419,0
48,53,954,1257,2711,1474,0
48,54,954,1257,317,2547,0
48,55,954,1257,2637,242,0
48,56,954,1257,2044,2931,0
48,57,954,1257,1080,2422,0
49,0,892,1644,2812,845,0
49,1,892,1644,2042,234,0
49,2,892,1644,2800,282,0
49,3,892,1644,40,2973,0
49,4,892,1644,140,78,0
49,5,892,1644,1463,2768,0
49,6,892,1644,523,129,0
49,7,892,1644,1956,654,0
49,8,892,1644,956,2040,0
49,9,892,1644,284,2761,0
49,10,892,1644,1681,1649,0
49,11,892,1644,1817,953,0
49,12,892,1644,1934,1743,0
49,13,892,1644,2041,1113,0
49,14,892,1644,605,1516,1
49,15,892,1644,458,105,0
49,16,892,1644,1795,2078,0
49,17,892,1644,2223,395,0
49,18,892,1644,2197,2506,0
49,19,892,1644,150,1420,0
49,20,892,1644,2298,1173,0
49,21,892,1644,1634,454,0
49,22,892,1644,1229,1071,0
49,23,892,1644,54,2765,0
49,24,892,1644,2233,353,0
49,25,892,1644,157,1452,0
49,26,892,1644,410,2896,0
49,27,892,1644,1514,1286,0
49,28,892,1644,2006,508,0
49,29,892,1644,1020,1072,0
49,30,892,1644,611,2829,0
49,31,892,1644,834,2657,0
49,32,892,1644,754,625,0
49,33,892,1644,697,519,0
49,34,892,1644,2188,777,0
49,35,892,1644,688,252,0
49,36,892,1644,275,1965,0
49,37,892,1644,290,1241,0
49,38,892,1644,14,75,0
49,39,892,1644,1986,1861,0
49,40,892,1644,2717,1593,0
49,41,892,1644,2743,2657,0
49,42,892,1644,1993,2735,0
49,43,892,1644,609,2077,0
49,44,892,1644,553,2914,0
49,45,892,1644,2603,2690,0
49,46,892,1644,1335,2514,0
49,47,892,1644,599,2406,0
49,48,892,1644,954,1257,0
49,50,892,1644,2857,1750,0
49,51,892,1644,1194,2639,0
49,52,892,1644,2293,2419,0
49,53,892,1644,2711,1474,0
49,54,892,1644,317,2547,0
49,55,892,1644,2637,242,0
49,56,892,1644,2044,2931,0
49,57,892,1644,1080,2422,0
50,0,2857,1750,2812,845,0
50,1,2857,1750,2042,234,0
50,2,2857,1750,2800,282,0
50,3,2857,1750,40,2973,0
50,4,2857,1750,140,78,0
50,5,2857,1750,1463,2768,0
50,6,2857,1750,523,129,0
50,7,2857,1750,1956,654,0
50,8,2857,1750,956,2040,0
50,9,2857,1750,284,2761,0
50,10,2857,1750,1681,1649,0
50,11,2857,1750,1817,953,0
50,12,2857,1750,1934,1743,0
50,13,2857,1750,2041,1113,0
50,14,2857,1750,605,1516,0
50,15,2857,1750,458,105,0
50,16,2857,1750,1795,2078,0
50,17,2857,1750,2223,395,0
50,18,2857,1750,2197,2506,0
50,19,2857,1750,150,1420,0
50,20,2857,1750,2298,1173,0
50,21,2857,1750,1634,454,0
50,22,2857,1750,1229,1071,0
50,23,2857,1750,54,2765,0
50,24,2857,1750,2233,353,0
50,25,2857,1750,157,1452,0
50,26,2857,1750,410,2896,0
50,27,2857,1750,1514,1286,0
50,28,2857,1750,2006,508,0
50,29,2857,1750,1020,1072,0
50,30,2857,1750,611,2829,0
50,31,2857,1750,834,2657,0
50,32,2857,1750,754,625,0
50,33,2857,1750,697,519,0
50,34,2857,1750,2188,777,0
50,35,2857,1750,688,252,0
50,36,2857,1750,275,1965,0
50,37,2857,1750,290,1241,0
50,38,2857,1750,14,75,0
50,39,2857,1750,1986,1861,0
50,40,2857,1750,2717,1593,0
50,41,2857,1750,2743,2657,1
50,42,2857,1750,1993,2735,0
50,43,2857,1750,609,2077,0
50,44,2857,1750,553,2914,0
50,45,2857,1750,2603,2690,0
50,46,2857,1750,1335,2514,0
50,47,2857,1750,599,2406,0
50,48,2857,1750,954,1257,0
50,49,2857,1750,892,1644,0
50,51,2857,1750,1194,2639,0
50,52,2857,1750,2293,2419,0
50,53,2857,1750,2711,1474,0
50,54,2857,1750,317,2547,0
50,55,2857,1750,2637,242,0
50,56,2857,1750,2044,2931,0
50,57,2857,1750,1080,2422,0
51,0,1194,2639,2812,845,0
51,1,1194,2639,2042,234,0
51,2,1194,2639,2800,282,0
51,3,1194,2639,40,2973,0
51,4,1194,2639,140,78,0
51,5,1194,2639,1463,2768,0
51,6,1194,2639,523,129,0
51,7,1194,2639,1956,654,0
51,8,1194,2639,956,2040,0
51,9,1194,2639,284,2761,0
51,10,1194,2639,1681,1649,0
51,11,1194,2639,1817,953,0
51,12,1194,2639,1934,1743,0
51,13,1194,2639,2041,1113,0
51,14,1194,2639,605,1516,0
51,15,1194,2639,458,105,0
51,16,1194,2639,1795,2078,0
51,17,1194,2639,2223,395,0
51,18,1194,2639,2197,2506,0
51,19,1194,2639,150,1420,0
51,20,1194,2639,2298,1173,0
51,21,1194,2639,1634,454,0
51,22,1194,2639,1229,1071,0
51,23,1194,2639,54,2765,0
51,24,1194,2639,2233,353,0
51,25,1194,2639,157,1452,0
51,26,1194,2639,410,2896,0
51,27,1194,2639,1514,1286,0
51,28,1194,2639,2006,508,0
51,29,1194,2639,1020,1072,0
51,30,1194,2639,611,2829,0
51,31,1194,2639,834,2657,0
51,32,1194,2639,754,625,0
51,33,1194,2639,697,519,0
51,34,1194,2639,2188,777,0
51,35,1194,2639,688,252,0
51,36,1194,2639,275,1965,0
51,37,1194,2639,290,1241,0
51,38,1194,2639,14,75,0
51,39,1194,2639,1986,1861,0
51,40,1194,2639,2717,1593,0
51,41,1194,2639,2743,2657,0
51,42,1194,2639,1993,2735,0
51,43,1194,2639,609,2077,0
51,44,1194,2639,553,2914,0
51,45,1194,2639,2603,2690,0
51,46,1194,2639,1335,2514,0
51,47,1194,2639,599,2406,0
51,48,1194,2639,954,1257,0
51,49,1194,2639,892,1644,0
51,50,1194,2639,2857,1750,0
51,52,1194,2639,2293,2419,0
51,53,1194,2639,2711,1474,0
51,54,1194,2639,317,2547,0
51,55,1194,2639,2637,242,0
51,56,1194,2639,2044,2931,0
51,57,1194,2639,1080,2422,1
52,0,2293,2419,2812,845,0
52,1,2293,2419,2042,234,0
52,2,2293,2419,2800,282,0
52,3,2293,2419,40,2973,0
52,4,2293,2419,140,78,0
52,5,2293,2419,1463,2768,0
52,6,2293,2419,523,129,0
52,7,2293,2419,1956,654,0
52,8,2293,2419,956,2040,0
52,9,2293,2419,284,2761,0
52,10,2293,2419,1681,1649,0
52,11,2293,2419,1817,953,0
52,12,2293,2419,1934,1743,0
52,13,2293,2419,2041,1113,0
52,14,2293,2419,605,1516,0
52,15,2293,2419,458,105,0
52,16,2293,2419,1795,2078,0
52,17,2293,2419,2223,395,0
52,18,2293,2419,2197,2506,1
52,19,2293,2419,150,1420,0
52,20,2293,2419,2298,1173,0
52,21,2293,2419,1634,454,0
52,22,2293,2419,1229,1071,0
52,23,2293,2419,54,2765,0
52,24,2293,2419,2233,353,0
52,25,2293,2419,157,1452,0
52,26,2293,2419,410,2896,0
52,27,2293,2419,1514,1286,0
52,28,2293,2419,2006,508,0
52,29,2293,2419,1020,1072,0
52,30,2293,2419,611,2829,0
52,31,2293,2419,834,2657,0
52,32,2293,2419,754,625,0
52,33,2293,2419,697,519,0
52,34,2293,2419,2188,777,0
52,35,2293,2419,688,252,0
52,36,2293,2419,275,1965,0
52,37,2293,2419,290,1241,0
52,38,2293,2419,14,75,0
52,39,2293,2419,1986,1861,0
52,40,2293,2419,2717,1593,0
52,41,2293,2419,2743,2657,0
52,42,2293,2419,1993,2735,0
52,43,2293,2419,609,2077,0
52,44,2293,2419,553,2914,0
52,45,2293,2419,2603,2690,0
52,46,2293,2419,1335,2514,0
52,47,2293,2419,599,2406,0
52,48,2293,2419,954,1257,0
52,49,2293,2419,892,1644,0
52,50,2293,2419,2857,1750,0
52,51,2293,2419,1194,2639,0
52,53,2293,2419,2711,1474,0
52,54,2293,2419,317,2547,0
52,55,2293,2419,2637,242,0
52,56,2293,2419,2044,2931,0
52,57,2293,2419,1080,2422,0
53,0,2711,1474,2812,845,0
53,1,2711,1474,2042,234,0
53,2,2711,1474,2800,282,0
53,3,2711,1474,40,2973,0
53,4,2711,1474,140,78,0
53,5,2711,1474,1463,2768,0
53,6,2711,1474,523,129,0
53,7,2711,1474,1956,654,0
53,8,2711,1474,956,2040,0
53,9,2711,1474,284,2761,0
53,10,2711,1474,1681,1649,0
53,11,2711,1474,1817,953,0
53,12,2711,1474,1934,1743,0
53,13,2711,1474,2041,1113,0
53,14,2711,1474,605,1516,0
53,15,2711,1474,458,105,0
53,16,2711,1474,1795,2078,0
53,17,2711,1474,2223,395,0
53,18,2711,1474,2197,2506,0
53,19,2711,1474,150,1420,0
53,20,2711,1474,2298,1173,0
53,21,2711,1474,1634,454,0
53,22,2711,1474,1229,1071,0
53,23,2711,1474,54,2765,0
53,24,2711,1474,2233,353,0
53,25,2711,1474,157,1452,0
53,26,2711,1474,410,2896,0
53,27,2711,1474,1514,1286,0
53,28,2711,1474,2006,508,0
53,29,2711,1474,1020,1072,0
53,30,2711,1474,611,2829,0
53,31,2711,1474,834,2657,0
53,32,2711,1474,754,625,0
53,33,2711,1474,697,519,0
53,34,2711,1474,2188,777,0
53,35,2711,1474,688,252,0
53,36,2711,1474,275,1965,0
53,37,2711,1474,290,1241,0
53,38,2711,1474,14,75,0
53,39,2711,1474,1986,1861,0
53,40,2711,1474,2717,1593,1
53,41,2711,1474,2743,2657,0
53,42,2711,1474,1993,2735,0
53,43,2711,1474,609,2077,0
53,44,2711,1474,553,2914,0
53,45,2711,1474,2603,2690,0
53,46,2711,1474,1335,2514,0
53,47,2711,1474,599,2406,0
53,48,2711,1474,954,1257,0
53,49,2711,1474,892,1644,0
53,50,2711,1474,2857,1750,0
53,51,2711,1474,1194,2639,0
53,52,2711,1474,2293,2419,0
53,54,2711,1474,317,2547,0
53,55,2711,1474,2637,242,0
53,56,2711,1474,2044,2931,0
53,57,2711,1474,1080,2422,0
54,0,317,2547,2812,845,0
54,1,317,2547,2042,234,0
54,2,317,2547,2800,282,0
54,3,317,2547,40,2973,0
54,4,317,2547,140,78,0
54,5,317,2547,1463,2768,0
54,6,317,2547,523,129,0
54,7,317,2547,1956,654,0
54,8,317,2547,956,2040,0
54,9,317,2547,284,2761,0
54,10,317,2547,1681,1649,0
54,11,317,2547,1817,953,0
54,12,317,2547,1934,1743,0
54,13,317,2547,2041,1113,0
54,14,317,2547,605,1516,0
54,15,317,2547,458,105,0
54,16,317,2547,1795,2078,0
54,17,317,2547,2223,395,0
54,18,317,2547,2197,2506,0
54,19,317,2547,150,1420,0
54,20,317,2547,2298,1173,0
54,21,317,2547,1634,454,0
54,22,317,2547,1229,1071,0
54,23,317,2547,54,2765,0
54,24,317,2547,2233,353,0
54,25,317,2547,157,1452,0
54,26,317,2547,410,2896,0
54,27,317,2547,1514,1286,0
54,28,317,2547,2006,508,0
54,29,317,2547,1020,1072,0
54,30,317,2547,611,2829,0
54,31,317,2547,834,2657,0
54,32,317,2547,754,625,0
54,33,317,2547,697,519,0
54,34,317,2547,2188,777,0
54,35,317,2547,688,252,0
54,36,317,2547,275,1965,0
54,37,317,2547,290,1241,0
54,38,317,2547,14,75,0
54,39,317,2547,1986,1861,0
54,40,317,2547,2717,1593,0
54,41,317,2547,2743,2657,0
54,42,317,2547,1993,2735,0
54,43,317,2547,609,2077,0
54,44,317,2547,553,2914,0
54,45,317,2547,2603,2690,0
54,46,317,2547,1335,2514,0
54,47,317,2547,599,2406,1
54,48,317,2547,954,1257,0
54,49,317,2547,892,1644,0
54,50,317,2547,2857,1750,0
54,51,317,2547,1194,2639,0
54,52,317,2547,2293,2419,0
54,53,317,2547,2711,1474,0
54,55,317,2547,2637,242,0
54,56,317,2547,2044,2931,0
54,57,317,2547,1080,2422,0
55,0,2637,242,2812,845,0
55,1,2637,242,2042,234,0
55,2,2637,242,2800,282,1
55,3,2637,242,40,2973,0
55,4,2637,242,140,78,0
55,5,2637,242,1463,2768,0
55,6,2637,242,523,129,0
55,7,2637,242,1956,654,0
55,8,2637,242,956,2040,0
55,9,2637,242,284,2761,0
55,10,2637,242,1681,1649,0
55,11,2637,242,1817,953,0
55,12,2637,242,1934,1743,0
55,13,2637,242,2041,1113,0
55,14,2637,242,605,1516,0
55,15,2637,242,458,105,0
55,16,2637,242,1795,2078,0
55,17,2637,242,2223,395,0
55,18,2637,242,2197,2506,0
55,19,2637,242,150,1420,0
55,20,2637,242,2298,1173,0
55,21,2637,242,1634,454,0
55,22,2637,242,1229,1071,0
55,23,2637,242,54,2765,0
55,24,2637,242,2233,353,0
55,25,2637,242,157,1452,0
55,26,2637,242,410,2896,0
55,27,2637,242,1514,1286,0
55,28,2637,242,2006,508,0
55,29,2637,242,1020,1072,0
55,30,2637,242,611,2829,0
55,31,2637,242,834,2657,0
55,32,2637,242,754,625,0
55,33,2637,242,697,519,0
55,34,2637,242,2188,777,0
55,35,2637,242,688,252,0
55,36,2637,242,275,1965,0
55,37,2637,242,290,1241,0
55,38,2637,242,14,75,0
55,39,2637,242,1986,1861,0
55,40,2637,242,2717,1593,0
55,41,2637,242,2743,2657,0
55,42,2637,242,1993,2735,0
55,43,2637,242,609,2077,0
55,44,2637,242,553,2914,0
55,45,2637,242,2603,2690,0
55,46,2637,242,1335,2514,0
55,47,2637,242,599,2406,0
55,48,2637,242,954,1257,0
55,49,2637,242,892,1644,0
55,50,2637,242,2857,1750,0
55,51,2637,242,1194,2639,0
55,52,2637,242,2293,2419,0
55,53,2637,242,2711,1474,0
55,54,2637,242,317,2547,0
55,56,2637,242,2044,2931,0
55,57,2637,242,1080,2422,0
56,0,2044,2931,2812,845,0
56,1,2044,2931,2042,234,0
56,2,2044,2931,2800,282,0
56,3,2044,2931,40,2973,0
56,4,2044,2931,140,78,0
56,5,2044,2931,1463,2768,1
56,6,2044,2931,523,129,0
56,7,2044,2931,1956,654,0
56,8,2044,2931,956,2040,0
56,9,2044,2931,284,2761,0
56,10,2044,2931,1681,1649,0
56,11,2044,2931,1817,953,0
56,12,2044,2931,1934,1743,0
56,13,2044,2931,2041,1113,0
56,14,2044,2931,605,1516,0
56,15,2044,2931,458,105,0
56,16,2044,2931,1795,2078,0
56,17,2044,2931,2223,395,0
56,18,2044,2931,2197,2506,0
56,19,2044,2931,150,1420,0
56,20,2044,2931,2298,1173,0
56,21,2044,2931,1634,454,0
56,22,2044,2931,1229,1071,0
56,23,2044,2931,54,2765,0
56,24,2044,2931,2233,353,0
56,25,2044,2931,157,1452,0
56,26,2044,2931,410,2896,0
56,27,2044,2931,1514,1286,0
56,28,2044,2931,2006,508,0
56,29,2044,2931,1020,1072,0
56,30,2044,2931,611,2829,0
56,31,2044,2931,834,2657,0
56,32,2044,2931,754,625,0
56,33,2044,2931,697,519,0
56,34,2044,2931,2188,777,0
56,35,2044,2931,688,252,0
56,36,2044,2931,275,1965,0
56,37,2044,2931,290,1241,0
56,38,2044,2931,14,75,0
56,39,2044,2931,1986,1861,0
56,40,2044,2931,2717,1593,0
56,41,2044,2931,2743,2657,0
56,42,2044,2931,1993,2735,0
56,43,2044,2931,609,2077,0
56,44,2044,2931,553,2914,0
56,45,2044,2931,2603,2690,0
56,46,2044,2931,1335,2514,0
56,47,2044,2931,599,2406,0
56,48,2044,2931,954,1257,0
56,49,2044,2931,892,1644,0
56,50,2044,2931,2857,1750,0
56,51,2044,2931,1194,2639,0
56,52,2044,2931,2293,2419,0
56,53,2044,2931,2711,1474,0
56,54,2044,2931,317,2547,0
56,55,2044,2931,2637,242,0
56,57,2044,2931,1080,2422,0
57,0,1080,2422,2812,845,0
57,1,1080,2422,2042,234,0
57,2,1080,2422,2800,282,0
57,3,1080,2422,40,2973,0
57,4,1080,2422,140,78,0
57,5,1080,2422,1463,2768,0
57,6,1080,2422,523,129,0
57,7,1080,2422,1956,654,0
57,8,1080,2422,956,2040,0
57,9,1080,2422,284,2761,0
57,10,1080,2422,1681,1649,0
57,11,1080,2422,1817,953,0
57,12,1080,2422,1934,1743,0
57,13,1080,2422,2041,1113,0
57,14,1080,2422,605,1516,0
57,15,1080,2422,458,105,0
57,16,1080,2422,1795,2078,0
57,17,1080,2422,2223,395,0
57,18,1080,2422,2197,2506,0
57,19,1080,2422,150,1420,0
57,20,1080,2422,2298,1173,0
57,21,1080,2422,1634,454,0
57,22,1080,2422,1229,1071,0
57,23,1080,2422,54,2765,0
57,24,1080,2422,2233,353,0
57,25,1080,2422,157,1452,0
57,26,1080,2422,410,2896,0
57,27,1080,2422,1514,1286,0
57,28,1080,2422,2006,508,0
57,29,1080,2422,1020,1072,0
57,30,1080,2422,611,2829,0
57,31,1080,2422,834,2657,1
57,32,1080,2422,754,625,0
57,33,1080,2422,697,519,0
57,34,1080,2422,2188,777,0
57,35,1080,2422,688,252,0
57,36,1080,2422,275,1965,0
57,37,1080,2422,290,1241,0
57,38,1080,2422,14,75,0
57,39,1080,2422,1986,1861,0
57,40,1080,2422,2717,1593,0
57,41,1080,2422,2743,2657,0
57,42,1080,2422,1993,2735,0
57,43,1080,2422,609,2077,0
57,44,1080,2422,553,2914,0
57,45,1080,2422,2603,2690,0
57,46,1080,2422,1335,2514,0
57,47,1080,2422,599,2406,0
57,48,1080,2422,954,1257,0
57,49,1080,2422,892,1644,0
57,50,1080,2422,2857,1750,0
57,51,1080,2422,1194,2639,0
57,52,1080,2422,2293,2419,0
57,53,1080,2422,2711,1474,0
57,54,1080,2422,317,2547,0
57,55,1080,2422,2637,242,0
57,56,1080,2422,2044,2931,0
